-- MySQL dump 10.13  Distrib 8.0.25, for Win64 (x86_64)
--
-- Host: localhost    Database: vk
-- ------------------------------------------------------
-- Server version	8.0.25

/*!40101 SET @OLD_CHARACTER_SET_CLIENT=@@CHARACTER_SET_CLIENT */;
/*!40101 SET @OLD_CHARACTER_SET_RESULTS=@@CHARACTER_SET_RESULTS */;
/*!40101 SET @OLD_COLLATION_CONNECTION=@@COLLATION_CONNECTION */;
/*!50503 SET NAMES utf8mb4 */;
/*!40103 SET @OLD_TIME_ZONE=@@TIME_ZONE */;
/*!40103 SET TIME_ZONE='+00:00' */;
/*!40014 SET @OLD_UNIQUE_CHECKS=@@UNIQUE_CHECKS, UNIQUE_CHECKS=0 */;
/*!40014 SET @OLD_FOREIGN_KEY_CHECKS=@@FOREIGN_KEY_CHECKS, FOREIGN_KEY_CHECKS=0 */;
/*!40101 SET @OLD_SQL_MODE=@@SQL_MODE, SQL_MODE='NO_AUTO_VALUE_ON_ZERO' */;
/*!40111 SET @OLD_SQL_NOTES=@@SQL_NOTES, SQL_NOTES=0 */;

--
-- Table structure for table `cities`
--

DROP TABLE IF EXISTS `cities`;
/*!40101 SET @saved_cs_client     = @@character_set_client */;
/*!50503 SET character_set_client = utf8mb4 */;
CREATE TABLE `cities` (
  `id` int unsigned NOT NULL AUTO_INCREMENT,
  `name` varchar(150) CHARACTER SET utf8mb4 COLLATE utf8mb4_unicode_ci NOT NULL,
  `country_id` int unsigned DEFAULT NULL,
  PRIMARY KEY (`id`)
) ENGINE=InnoDB AUTO_INCREMENT=6 DEFAULT CHARSET=utf8mb4 COLLATE=utf8mb4_unicode_ci;
/*!40101 SET character_set_client = @saved_cs_client */;

--
-- Dumping data for table `cities`
--

LOCK TABLES `cities` WRITE;
/*!40000 ALTER TABLE `cities` DISABLE KEYS */;
INSERT INTO `cities` VALUES (1,'Maritzafort',5),(2,'Lake Cassandre',3),(3,'New Matildemouth',4),(4,'Cortneychester',1),(5,'Bogisichmouth',4);
/*!40000 ALTER TABLE `cities` ENABLE KEYS */;
UNLOCK TABLES;

--
-- Table structure for table `communities`
--

DROP TABLE IF EXISTS `communities`;
/*!40101 SET @saved_cs_client     = @@character_set_client */;
/*!50503 SET character_set_client = utf8mb4 */;
CREATE TABLE `communities` (
  `id` int unsigned NOT NULL AUTO_INCREMENT COMMENT '╨Ш╨┤╨╡╨╜╤В╨╕╤Д╨╕╨║╨░╤В╨╛╤А ╤Б╤А╨╛╨║╨╕',
  `name` varchar(150) CHARACTER SET utf8mb4 COLLATE utf8mb4_unicode_ci NOT NULL COMMENT '╨Э╨░╨╖╨▓╨░╨╜╨╕╨╡ ╨│╤А╤Г╨┐╨┐╤Л',
  `created_at` datetime DEFAULT CURRENT_TIMESTAMP COMMENT '╨Т╤А╨╡╨╝╤П ╤Б╨╛╨╖╨┤╨░╨╜╨╕╤П ╤Б╤В╤А╨╛╨║╨╕',
  `updated_at` datetime DEFAULT CURRENT_TIMESTAMP ON UPDATE CURRENT_TIMESTAMP COMMENT '╨Т╤А╨╡╨╝╤П ╨╛╨▒╨╜╨╛╨▓╨╗╨╡╨╜╨╕╤П ╤Б╤В╤А╨╛╨║╨╕',
  PRIMARY KEY (`id`),
  UNIQUE KEY `name` (`name`)
) ENGINE=InnoDB AUTO_INCREMENT=11 DEFAULT CHARSET=utf8mb4 COLLATE=utf8mb4_unicode_ci COMMENT='╨У╤А╤Г╨┐╨┐╤Л';
/*!40101 SET character_set_client = @saved_cs_client */;

--
-- Dumping data for table `communities`
--

LOCK TABLES `communities` WRITE;
/*!40000 ALTER TABLE `communities` DISABLE KEYS */;
INSERT INTO `communities` VALUES (1,'quia','2020-09-23 18:53:52','2021-07-09 12:11:20'),(2,'et','2013-01-10 07:04:29','2021-07-09 12:11:20'),(3,'voluptate','2015-10-18 19:14:46','2018-09-21 14:45:00'),(4,'quae','2015-04-22 19:17:24','2021-07-09 12:11:20'),(5,'recusandae','2014-03-26 23:30:17','2021-06-22 05:24:18'),(6,'praesentium','2011-08-06 02:18:06','2012-01-25 21:57:51'),(7,'ratione','2018-12-31 18:14:42','2021-07-09 12:11:20'),(8,'numquam','2019-12-10 10:43:58','2021-07-09 12:11:20'),(9,'amet','2014-04-01 06:27:35','2017-02-16 04:13:26'),(10,'iure','2015-06-24 14:24:42','2017-01-13 07:43:38');
/*!40000 ALTER TABLE `communities` ENABLE KEYS */;
UNLOCK TABLES;

--
-- Table structure for table `communities_users`
--

DROP TABLE IF EXISTS `communities_users`;
/*!40101 SET @saved_cs_client     = @@character_set_client */;
/*!50503 SET character_set_client = utf8mb4 */;
CREATE TABLE `communities_users` (
  `community_id` int unsigned NOT NULL COMMENT '╨б╤Б╤Л╨╗╨║╨░ ╨╜╨░ ╨│╤А╤Г╨┐╨┐╤Г',
  `user_id` int unsigned NOT NULL COMMENT '╨б╤Б╤Л╨╗╨║╨░ ╨╜╨░ ╨┐╨╛╨╗╤М╨╖╨╛╨▓╨░╤В╨╡╨╗╤П',
  `created_at` datetime DEFAULT CURRENT_TIMESTAMP COMMENT '╨Т╤А╨╡╨╝╤П ╤Б╨╛╨╖╨┤╨░╨╜╨╕╤П ╤Б╤В╤А╨╛╨║╨╕',
  PRIMARY KEY (`community_id`,`user_id`) COMMENT '╨б╨╛╤Б╤В╨░╨▓╨╜╨╛╨╣ ╨┐╨╡╤А╨▓╨╕╤З╨╜╤Л╨╣ ╨║╨╗╤О╤З'
) ENGINE=InnoDB DEFAULT CHARSET=utf8mb4 COLLATE=utf8mb4_unicode_ci COMMENT='╨г╤З╨░╤Б╤В╨╜╨╕╨║╨╕ ╨│╤А╤Г╨┐╨┐, ╤Б╨▓╤П╨╖╤М ╨╝╨╡╨╢╨┤╤Г ╨┐╨╛╨╗╤М╨╖╨╛╨▓╨░╤В╨╡╨╗╤П╨╝╨╕ ╨╕ ╨│╤А╤Г╨┐╨┐╨░╨╝╨╕';
/*!40101 SET character_set_client = @saved_cs_client */;

--
-- Dumping data for table `communities_users`
--

LOCK TABLES `communities_users` WRITE;
/*!40000 ALTER TABLE `communities_users` DISABLE KEYS */;
INSERT INTO `communities_users` VALUES (1,1,'2013-12-12 08:59:00'),(1,11,'2020-12-30 09:40:04'),(1,21,'2021-06-19 18:37:11'),(1,31,'2017-06-02 23:58:17'),(1,41,'2017-01-18 13:07:15'),(1,51,'2021-05-27 18:40:49'),(1,61,'2014-04-26 05:37:47'),(1,71,'2020-09-07 03:47:17'),(1,81,'2012-04-22 21:12:26'),(1,91,'2012-05-24 00:27:56'),(2,2,'2015-11-26 20:59:34'),(2,12,'2012-10-20 19:01:50'),(2,22,'2016-10-28 18:15:22'),(2,32,'2014-05-10 20:48:21'),(2,42,'2020-03-11 13:05:13'),(2,52,'2012-10-21 13:01:37'),(2,62,'2019-07-29 18:51:50'),(2,72,'2020-06-07 00:26:19'),(2,82,'2020-11-17 08:34:39'),(2,92,'2014-07-08 00:08:42'),(3,3,'2014-09-24 21:14:04'),(3,13,'2012-05-19 03:34:08'),(3,23,'2021-02-28 22:54:02'),(3,33,'2012-08-20 14:09:12'),(3,43,'2017-08-01 11:25:54'),(3,53,'2013-05-21 21:12:31'),(3,63,'2017-06-03 01:01:58'),(3,73,'2019-12-25 02:30:16'),(3,83,'2016-10-31 18:30:22'),(3,93,'2015-04-06 19:03:28'),(4,4,'2011-12-16 02:55:16'),(4,14,'2018-06-19 11:34:00'),(4,24,'2016-10-23 09:36:48'),(4,34,'2014-09-01 01:25:36'),(4,44,'2016-01-29 19:34:56'),(4,54,'2017-07-31 13:15:47'),(4,64,'2017-04-27 19:09:29'),(4,74,'2019-08-30 03:25:09'),(4,84,'2011-10-15 10:04:24'),(4,94,'2012-06-11 16:57:20'),(5,5,'2013-09-28 11:10:05'),(5,15,'2016-07-14 01:26:38'),(5,25,'2013-09-02 20:54:54'),(5,35,'2011-07-29 02:36:53'),(5,45,'2020-10-21 02:55:29'),(5,55,'2020-05-30 15:46:07'),(5,65,'2014-09-14 16:57:33'),(5,75,'2015-07-20 05:20:33'),(5,85,'2016-03-17 10:14:42'),(5,95,'2019-05-31 16:08:08'),(6,6,'2014-06-25 04:33:05'),(6,16,'2015-02-08 03:00:14'),(6,26,'2014-10-10 09:16:07'),(6,36,'2019-03-01 20:58:11'),(6,46,'2015-11-25 09:46:42'),(6,56,'2019-04-25 21:56:26'),(6,66,'2018-10-06 19:44:54'),(6,76,'2019-08-07 07:55:30'),(6,86,'2016-08-25 18:42:32'),(6,96,'2011-09-07 22:15:05'),(7,7,'2014-06-17 11:56:51'),(7,17,'2017-10-06 00:16:00'),(7,27,'2017-06-12 12:38:26'),(7,37,'2014-05-31 12:53:38'),(7,47,'2019-06-12 00:01:55'),(7,57,'2012-08-21 08:31:21'),(7,67,'2011-07-22 10:16:02'),(7,77,'2018-05-26 19:58:06'),(7,87,'2018-11-17 20:42:19'),(7,97,'2013-06-05 02:50:09'),(8,8,'2017-10-01 20:01:42'),(8,18,'2015-01-14 20:35:45'),(8,28,'2015-09-02 19:32:02'),(8,38,'2020-01-15 12:14:53'),(8,48,'2012-07-28 20:08:34'),(8,58,'2021-05-13 15:55:26'),(8,68,'2020-04-13 04:36:46'),(8,78,'2011-10-02 02:32:12'),(8,88,'2017-10-27 17:42:45'),(8,98,'2019-05-04 23:16:44'),(9,9,'2019-05-07 15:44:46'),(9,19,'2014-10-31 23:09:58'),(9,29,'2014-11-24 22:16:20'),(9,39,'2014-01-26 15:04:21'),(9,49,'2012-01-26 01:56:50'),(9,59,'2020-05-10 15:28:41'),(9,69,'2020-09-05 03:01:29'),(9,79,'2016-12-18 00:11:58'),(9,89,'2018-01-15 02:19:23'),(9,99,'2015-01-11 10:34:33'),(10,10,'2013-12-23 04:35:57'),(10,20,'2015-06-11 13:33:50'),(10,30,'2016-07-12 16:55:16'),(10,40,'2016-05-27 20:20:51'),(10,50,'2016-10-08 04:02:33'),(10,60,'2016-02-13 08:45:21'),(10,70,'2020-07-22 08:49:23'),(10,80,'2013-08-05 14:36:44'),(10,90,'2018-04-27 05:13:57'),(10,100,'2012-01-11 20:53:15');
/*!40000 ALTER TABLE `communities_users` ENABLE KEYS */;
UNLOCK TABLES;

--
-- Table structure for table `countries`
--

DROP TABLE IF EXISTS `countries`;
/*!40101 SET @saved_cs_client     = @@character_set_client */;
/*!50503 SET character_set_client = utf8mb4 */;
CREATE TABLE `countries` (
  `id` int unsigned NOT NULL AUTO_INCREMENT,
  `name` varchar(150) CHARACTER SET utf8mb4 COLLATE utf8mb4_unicode_ci NOT NULL,
  PRIMARY KEY (`id`)
) ENGINE=InnoDB AUTO_INCREMENT=6 DEFAULT CHARSET=utf8mb4 COLLATE=utf8mb4_unicode_ci;
/*!40101 SET character_set_client = @saved_cs_client */;

--
-- Dumping data for table `countries`
--

LOCK TABLES `countries` WRITE;
/*!40000 ALTER TABLE `countries` DISABLE KEYS */;
INSERT INTO `countries` VALUES (1,'Germany'),(2,'Russian Federatio'),(3,'USA'),(4,'Poland'),(5,'Belarus');
/*!40000 ALTER TABLE `countries` ENABLE KEYS */;
UNLOCK TABLES;

--
-- Table structure for table `friendship`
--

DROP TABLE IF EXISTS `friendship`;
/*!40101 SET @saved_cs_client     = @@character_set_client */;
/*!50503 SET character_set_client = utf8mb4 */;
CREATE TABLE `friendship` (
  `user_id` int unsigned NOT NULL COMMENT '╨б╤Б╤Л╨╗╨║╨░ ╨╜╨░ ╨╕╨╜╨╕╤Ж╨╕╨░╤В╨╛╤А╨░ ╨┤╤А╤Г╨╢╨╡╤Б╨║╨╕╤Е ╨╛╤В╨╜╨╛╤И╨╡╨╜╨╕╨╣',
  `friend_id` int unsigned NOT NULL COMMENT '╨б╤Б╤Л╨╗╨║╨░ ╨╜╨░ ╨┐╨╛╨╗╤Г╤З╨░╤В╨╡╨╗╤П ╨┐╤А╨╕╨│╨╗╨░╤И╨╡╨╜╨╕╤П ╨┤╤А╤Г╨╢╨╕╤В╤М',
  `friendship_status_id` int unsigned NOT NULL COMMENT '╨б╤Б╤Л╨╗╨║╨░ ╨╜╨░ ╤Б╤В╨░╤В╤Г╤Б (╤В╨╡╨║╤Г╤Й╨╡╨╡ ╤Б╨╛╤Б╤В╨╛╤П╨╜╨╕╨╡) ╨╛╤В╨╜╨╛╤И╨╡╨╜╨╕╨╣',
  `confirmed_at` datetime DEFAULT NULL COMMENT '╨Т╤А╨╡╨╝╤П ╨┐╨╛╨┤╤В╨▓╨╡╤А╨╢╨┤╨╡╨╜╨╕╤П ╨┐╤А╨╕╨│╨╗╨░╤И╨╡╨╜╨╕╤П',
  `created_at` datetime DEFAULT CURRENT_TIMESTAMP COMMENT '╨Т╤А╨╡╨╝╤П ╤Б╨╛╨╖╨┤╨░╨╜╨╕╤П ╤Б╤В╤А╨╛╨║╨╕',
  `updated_at` datetime DEFAULT CURRENT_TIMESTAMP ON UPDATE CURRENT_TIMESTAMP COMMENT '╨Т╤А╨╡╨╝╤П ╨╛╨▒╨╜╨╛╨▓╨╗╨╡╨╜╨╕╤П ╤Б╤В╤А╨╛╨║╨╕',
  PRIMARY KEY (`user_id`,`friend_id`) COMMENT '╨б╨╛╤Б╤В╨░╨▓╨╜╨╛╨╣ ╨┐╨╡╤А╨▓╨╕╤З╨╜╤Л╨╣ ╨║╨╗╤О╤З'
) ENGINE=InnoDB DEFAULT CHARSET=utf8mb4 COLLATE=utf8mb4_unicode_ci COMMENT='╨в╨░╨▒╨╗╨╕╤Ж╨░ ╨┤╤А╤Г╨╢╨▒╤Л';
/*!40101 SET character_set_client = @saved_cs_client */;

--
-- Dumping data for table `friendship`
--

LOCK TABLES `friendship` WRITE;
/*!40000 ALTER TABLE `friendship` DISABLE KEYS */;
INSERT INTO `friendship` VALUES (1,71,3,'2012-03-27 10:47:24','2021-05-14 18:22:24','2021-07-09 12:18:36'),(2,81,3,'2020-10-01 16:25:46','2017-05-01 23:08:54','2021-07-09 12:18:20'),(3,7,1,'2020-11-20 20:01:30','2016-09-23 20:00:04','2021-07-09 12:18:36'),(4,43,3,'2012-10-04 01:05:59','2015-09-19 03:51:29','2021-07-09 12:18:36'),(4,99,1,'2017-09-03 11:22:10','2013-12-31 09:38:24','2021-07-09 12:18:20'),(5,13,1,'2014-08-21 11:22:37','2017-04-28 18:26:05','2021-07-09 12:18:36'),(5,32,1,'2011-12-21 04:19:37','2018-11-24 10:58:17','2021-07-09 12:18:20'),(6,97,2,'2012-08-09 04:30:30','2016-02-04 00:25:25','2021-07-09 12:18:20'),(7,43,1,'2019-07-26 15:48:08','2014-06-09 14:51:30','2021-07-09 12:18:36'),(9,60,3,'2021-03-24 04:18:31','2013-02-03 04:16:40','2021-07-09 12:18:36'),(10,35,3,'2018-02-21 08:55:16','2012-01-05 21:03:44','2021-07-09 12:18:36'),(11,43,2,'2015-05-24 05:47:09','2017-11-27 00:36:04','2021-07-09 12:18:20'),(12,35,3,'2014-05-30 10:44:37','2016-10-21 09:46:44','2021-07-09 12:18:36'),(13,42,3,'2017-08-24 11:30:04','2020-05-15 17:59:32','2021-07-09 12:18:36'),(15,71,1,'2015-08-03 10:33:04','2020-08-29 06:25:33','2021-07-09 12:18:36'),(17,24,2,'2011-11-19 03:29:52','2021-03-05 22:05:57','2021-07-09 12:18:36'),(18,2,2,'2013-11-13 23:32:57','2017-08-21 08:03:33','2021-07-09 12:18:36'),(18,39,2,'2020-04-03 17:51:24','2020-11-03 20:22:18','2021-07-09 12:18:36'),(19,38,2,'2019-10-05 06:50:56','2014-10-28 18:27:57','2021-07-09 12:18:36'),(23,21,1,'2020-01-07 17:25:41','2021-06-05 11:45:54','2021-07-09 12:18:36'),(23,92,1,'2012-04-01 18:07:20','2015-04-05 08:21:34','2021-07-09 12:18:36'),(25,72,3,'2014-03-06 06:06:23','2019-09-17 03:14:35','2021-07-09 12:18:36'),(27,22,3,'2015-06-15 07:56:33','2015-08-15 21:05:55','2021-07-09 12:18:36'),(28,70,2,'2013-03-31 20:18:07','2015-07-29 13:12:38','2021-07-09 12:18:36'),(29,78,3,'2020-07-22 20:25:45','2015-02-23 21:44:05','2021-07-09 12:18:36'),(29,96,2,'2018-05-28 01:42:21','2020-07-01 14:30:20','2021-07-09 12:18:36'),(30,49,3,'2019-05-23 12:49:08','2011-09-18 09:26:55','2021-07-09 12:18:36'),(32,5,1,'2012-07-28 19:51:13','2019-12-03 14:37:39','2021-07-09 12:18:36'),(33,50,2,'2012-09-24 02:46:12','2019-01-13 01:44:38','2021-07-09 12:18:36'),(34,8,3,'2011-07-29 05:53:50','2017-07-17 19:57:20','2021-07-09 12:18:36'),(38,64,2,'2015-11-17 08:27:58','2019-12-10 07:55:15','2021-07-09 12:18:36'),(39,2,2,'2020-02-19 05:06:51','2017-05-19 08:06:27','2021-07-09 12:18:36'),(39,77,1,'2013-11-06 04:16:47','2017-02-08 10:06:01','2021-07-09 12:18:36'),(40,93,1,'2017-11-13 21:59:54','2012-11-16 05:04:49','2021-07-09 12:18:36'),(44,23,2,'2018-04-02 04:50:30','2013-12-01 07:11:10','2021-07-09 12:18:20'),(44,81,2,'2016-05-11 11:26:42','2012-06-15 02:20:23','2021-07-09 12:18:36'),(45,20,2,'2017-08-12 00:21:26','2015-11-03 01:39:31','2021-07-09 12:18:36'),(45,26,2,'2017-07-29 04:32:18','2017-10-21 17:59:03','2021-07-09 12:18:36'),(45,42,3,'2013-04-18 23:04:48','2017-09-14 20:25:18','2021-07-09 12:18:36'),(46,6,3,'2018-11-27 01:51:54','2015-03-15 07:08:00','2021-07-09 12:18:36'),(46,52,3,'2015-06-15 05:29:15','2016-06-14 11:08:30','2021-07-09 12:18:36'),(47,34,3,'2017-04-30 11:56:14','2016-07-24 21:30:31','2021-07-09 12:18:36'),(48,3,1,'2015-08-12 16:24:03','2015-10-21 16:37:33','2021-07-09 12:18:36'),(48,30,2,'2021-02-26 23:04:50','2015-04-28 08:28:05','2021-07-09 12:18:36'),(49,9,2,'2012-07-16 02:29:30','2018-08-03 20:59:32','2021-07-09 12:18:36'),(51,5,1,'2019-11-09 23:25:20','2013-03-12 08:22:17','2021-07-09 12:18:36'),(51,8,3,'2012-01-30 23:01:25','2015-05-30 21:14:58','2021-07-09 12:18:36'),(52,18,2,'2013-01-09 02:29:58','2021-01-12 13:07:10','2021-07-09 12:18:20'),(52,57,1,'2016-01-23 20:55:09','2016-02-14 07:06:49','2021-07-09 12:18:36'),(53,23,1,'2018-05-12 22:44:55','2014-08-31 07:57:34','2021-07-09 12:18:36'),(53,51,3,'2016-06-26 06:00:34','2020-09-08 16:27:02','2021-07-09 12:18:36'),(53,74,2,'2014-04-04 12:23:10','2013-05-02 00:59:54','2021-07-09 12:18:36'),(55,70,3,'2013-09-22 08:00:22','2016-10-29 14:16:25','2021-07-09 12:18:36'),(56,3,2,'2015-08-07 14:24:35','2015-08-08 14:44:30','2021-07-09 12:18:36'),(57,13,1,'2013-04-27 07:29:09','2018-07-28 04:42:15','2021-07-09 12:18:20'),(63,7,3,'2012-03-01 12:10:38','2014-09-12 14:47:05','2021-07-09 12:18:36'),(64,40,3,'2016-12-06 05:35:00','2019-11-29 20:28:10','2021-07-09 12:18:36'),(64,59,3,'2017-03-24 00:56:37','2011-11-27 16:37:09','2021-07-09 12:18:36'),(65,37,2,'2013-09-27 14:26:01','2020-06-12 09:18:43','2021-07-09 12:18:36'),(69,17,3,'2013-03-24 13:00:34','2013-05-25 12:15:20','2021-07-09 12:18:36'),(70,17,1,'2015-08-23 03:07:39','2015-09-12 11:56:31','2021-07-09 12:18:36'),(70,76,3,'2019-02-28 17:08:17','2017-03-10 09:57:03','2021-07-09 12:18:36'),(70,78,3,'2017-09-23 09:34:59','2012-12-08 00:24:45','2021-07-09 12:18:36'),(71,12,2,'2016-07-18 02:51:59','2012-04-22 18:28:04','2021-07-09 12:18:20'),(71,31,2,'2017-04-29 17:06:55','2015-01-10 06:29:42','2021-07-09 12:18:36'),(71,41,1,'2014-01-22 12:44:25','2011-07-24 18:38:15','2021-07-09 12:18:36'),(72,34,2,'2011-12-19 12:46:03','2012-08-23 04:25:08','2021-07-09 12:18:36'),(72,49,2,'2019-06-02 13:03:29','2018-02-01 04:51:11','2021-07-09 12:18:36'),(73,14,2,'2016-09-30 17:02:54','2016-05-09 17:49:05','2021-07-09 12:18:36'),(74,43,2,'2015-03-19 07:38:05','2017-04-13 23:13:57','2021-07-09 12:18:36'),(74,94,3,'2018-12-22 12:51:56','2018-07-13 16:29:34','2021-07-09 12:18:20'),(75,50,2,'2013-03-06 16:49:06','2017-04-25 18:36:36','2021-07-09 12:18:36'),(76,96,1,'2012-11-27 04:49:52','2012-08-11 10:38:25','2021-07-09 12:18:36'),(79,42,1,'2011-10-16 06:05:51','2016-08-29 05:23:29','2021-07-09 12:18:36'),(81,9,2,'2021-03-16 12:13:11','2019-11-23 12:38:27','2021-07-09 12:18:20'),(81,70,1,'2018-01-17 04:23:11','2012-04-17 08:57:25','2021-07-09 12:18:36'),(82,79,2,'2019-02-11 19:56:10','2015-09-24 07:27:24','2021-07-09 12:18:36'),(83,48,3,'2016-05-14 00:57:44','2012-04-15 19:31:31','2021-07-09 12:18:20'),(84,9,3,'2016-10-13 05:36:04','2013-04-14 23:18:29','2021-07-09 12:18:20'),(85,26,2,'2019-05-10 19:43:26','2015-04-10 04:37:53','2021-07-09 12:18:20'),(86,11,2,'2018-08-17 10:31:59','2015-07-08 00:54:52','2021-07-09 12:18:36'),(88,17,3,'2013-04-27 08:01:12','2017-04-12 18:35:33','2021-07-09 12:18:36'),(88,28,1,'2020-03-24 05:35:51','2016-01-25 19:15:05','2021-07-09 12:18:36'),(88,94,3,'2015-01-25 08:50:50','2011-12-07 07:45:05','2021-07-09 12:18:36'),(90,25,1,'2016-05-05 12:50:12','2021-07-04 03:13:35','2021-07-09 12:18:36'),(91,27,1,'2012-05-25 13:48:53','2013-08-31 16:41:32','2021-07-09 12:18:36'),(91,37,1,'2018-02-03 16:26:42','2014-12-05 12:47:27','2021-07-09 12:18:20'),(92,31,1,'2015-06-09 23:07:05','2018-07-20 10:43:23','2021-07-09 12:18:20'),(93,37,2,'2017-09-22 08:04:32','2018-09-22 12:04:22','2021-07-09 12:18:36'),(93,77,3,'2013-03-16 16:09:52','2013-11-18 21:19:51','2021-07-09 12:18:36'),(94,90,2,'2011-12-16 02:47:55','2019-06-04 16:43:05','2021-07-09 12:18:36'),(95,20,3,'2014-04-23 03:20:53','2013-10-27 14:44:38','2021-07-09 12:18:20'),(95,36,1,'2020-06-24 11:01:16','2020-04-22 04:04:06','2021-07-09 12:18:36'),(95,66,1,'2017-02-08 05:32:09','2016-04-24 23:55:38','2021-07-09 12:18:36'),(95,67,1,'2016-01-29 22:33:21','2016-06-20 16:14:36','2021-07-09 12:18:36'),(96,1,2,'2013-01-21 23:56:45','2014-10-24 10:17:00','2021-07-09 12:18:20'),(97,41,2,'2012-05-31 15:31:26','2015-04-24 16:55:18','2021-07-09 12:18:36'),(98,63,2,'2020-03-19 15:17:57','2019-08-24 05:55:43','2021-07-09 12:18:36'),(100,65,3,'2013-03-13 10:59:16','2017-11-19 15:06:16','2021-07-09 12:18:36'),(100,75,2,'2017-04-02 11:51:37','2018-04-08 18:13:20','2021-07-09 12:18:36');
/*!40000 ALTER TABLE `friendship` ENABLE KEYS */;
UNLOCK TABLES;

--
-- Table structure for table `friendship_statuses`
--

DROP TABLE IF EXISTS `friendship_statuses`;
/*!40101 SET @saved_cs_client     = @@character_set_client */;
/*!50503 SET character_set_client = utf8mb4 */;
CREATE TABLE `friendship_statuses` (
  `id` int unsigned NOT NULL AUTO_INCREMENT COMMENT '╨Ш╨┤╨╡╨╜╤В╨╕╤Д╨╕╨║╨░╤В╨╛╤А ╤Б╤В╤А╨╛╨║╨╕',
  `name` varchar(150) CHARACTER SET utf8mb4 COLLATE utf8mb4_unicode_ci NOT NULL COMMENT '╨Э╨░╨╖╨▓╨░╨╜╨╕╨╡ ╤Б╤В╨░╤В╤Г╤Б╨░',
  `created_at` datetime DEFAULT CURRENT_TIMESTAMP COMMENT '╨Т╤А╨╡╨╝╤П ╤Б╨╛╨╖╨┤╨░╨╜╨╕╤П ╤Б╤В╤А╨╛╨║╨╕',
  `updated_at` datetime DEFAULT CURRENT_TIMESTAMP ON UPDATE CURRENT_TIMESTAMP COMMENT '╨Т╤А╨╡╨╝╤П ╨╛╨▒╨╜╨╛╨▓╨╗╨╡╨╜╨╕╤П ╤Б╤В╤А╨╛╨║╨╕',
  PRIMARY KEY (`id`),
  UNIQUE KEY `name` (`name`)
) ENGINE=InnoDB AUTO_INCREMENT=4 DEFAULT CHARSET=utf8mb4 COLLATE=utf8mb4_unicode_ci COMMENT='╨б╤В╨░╤В╤Г╤Б╤Л ╨┤╤А╤Г╨╢╨▒╤Л';
/*!40101 SET character_set_client = @saved_cs_client */;

--
-- Dumping data for table `friendship_statuses`
--

LOCK TABLES `friendship_statuses` WRITE;
/*!40000 ALTER TABLE `friendship_statuses` DISABLE KEYS */;
INSERT INTO `friendship_statuses` VALUES (1,'requested','2021-07-09 12:18:32','2021-07-09 12:18:32'),(2,'confirmed','2021-07-09 12:18:32','2021-07-09 12:18:32'),(3,'rejected','2021-07-09 12:18:32','2021-07-09 12:18:32');
/*!40000 ALTER TABLE `friendship_statuses` ENABLE KEYS */;
UNLOCK TABLES;

--
-- Table structure for table `media`
--

DROP TABLE IF EXISTS `media`;
/*!40101 SET @saved_cs_client     = @@character_set_client */;
/*!50503 SET character_set_client = utf8mb4 */;
CREATE TABLE `media` (
  `id` int unsigned NOT NULL AUTO_INCREMENT COMMENT '╨Ш╨┤╨╡╨╜╤В╨╕╤Д╨╕╨║╨░╤В╨╛╤А ╤Б╤В╤А╨╛╨║╨╕',
  `user_id` int unsigned NOT NULL COMMENT '╨б╤Б╤Л╨╗╨║╨░ ╨╜╨░ ╨┐╨╛╨╗╤М╨╖╨╛╨▓╨░╤В╨╡╨╗╤П, ╨║╨╛╤В╨╛╤А╤Л╨╣ ╨╖╨░╨│╤А╤Г╨╖╨╕╨╗ ╤Д╨░╨╣╨╗',
  `filename` varchar(255) CHARACTER SET utf8mb4 COLLATE utf8mb4_unicode_ci NOT NULL COMMENT '╨Я╤Г╤В╤М ╨║ ╤Д╨░╨╣╨╗╤Г',
  `size` int NOT NULL COMMENT '╨а╨░╨╖╨╝╨╡╤А ╤Д╨░╨╣╨╗╨░',
  `metadata` json DEFAULT NULL,
  `media_type_id` int unsigned NOT NULL COMMENT '╨б╤Б╤Л╨╗╨║╨░ ╨╜╨░ ╤В╨╕╨┐ ╨║╨╛╨╜╤В╨╡╨╜╤В╨░',
  `created_at` datetime DEFAULT CURRENT_TIMESTAMP COMMENT '╨Т╤А╨╡╨╝╤П ╤Б╨╛╨╖╨┤╨░╨╜╨╕╤П ╤Б╤В╤А╨╛╨║╨╕',
  `updated_at` datetime DEFAULT CURRENT_TIMESTAMP ON UPDATE CURRENT_TIMESTAMP COMMENT '╨Т╤А╨╡╨╝╤П ╨╛╨▒╨╜╨╛╨▓╨╗╨╡╨╜╨╕╤П ╤Б╤В╤А╨╛╨║╨╕',
  PRIMARY KEY (`id`),
  CONSTRAINT `media_chk_1` CHECK (json_valid(`metadata`))
) ENGINE=InnoDB AUTO_INCREMENT=51 DEFAULT CHARSET=utf8mb4 COLLATE=utf8mb4_unicode_ci COMMENT='╨Ь╨╡╨┤╨╕╨░╤Д╨░╨╣╨╗╤Л';
/*!40101 SET character_set_client = @saved_cs_client */;

--
-- Dumping data for table `media`
--

LOCK TABLES `media` WRITE;
/*!40000 ALTER TABLE `media` DISABLE KEYS */;
INSERT INTO `media` VALUES (1,66,'https://dropbox.net/vk/https://dropbox.net/vk/https://dropbox.net/vk/etmp4mp3.png',9396852,'{\"owner\": \" Elliot Waelchi\"}',1,'2016-08-26 20:31:46','2021-07-09 12:20:11'),(2,85,'https://dropbox.net/vk/https://dropbox.net/vk/https://dropbox.net/vk/velitavimp3.mp4',9931836,'{\"owner\": \" Kraig Huel\"}',3,'2012-05-22 01:14:23','2021-07-09 12:20:11'),(3,27,'https://dropbox.net/vk/https://dropbox.net/vk/https://dropbox.net/vk/sitpngavi.png',1458625,'{\"owner\": \" Isai Dickens\"}',1,'2019-06-16 04:41:54','2021-07-09 12:20:11'),(4,78,'https://dropbox.net/vk/https://dropbox.net/vk/https://dropbox.net/vk/delenitimp4png.mp3',7487617,'{\"owner\": \" Art Hodkiewicz\"}',3,'2013-03-20 21:20:03','2021-07-09 12:20:11'),(5,10,'https://dropbox.net/vk/https://dropbox.net/vk/https://dropbox.net/vk/autempngavi.avi',3052211,'{\"owner\": \" Alessandro Green\"}',3,'2014-10-28 02:18:32','2021-07-09 12:20:11'),(6,13,'https://dropbox.net/vk/https://dropbox.net/vk/https://dropbox.net/vk/quisquampngmp4.png',2788204,'{\"owner\": \" Ophelia Boehm\"}',1,'2012-11-19 15:56:12','2021-07-09 12:20:11'),(7,36,'https://dropbox.net/vk/https://dropbox.net/vk/https://dropbox.net/vk/etavipng.mp3',4774387,'{\"owner\": \" Sister Bogisich\"}',2,'2015-10-01 06:29:24','2021-07-09 12:20:11'),(8,42,'https://dropbox.net/vk/https://dropbox.net/vk/https://dropbox.net/vk/etmp3png.avi',5497324,'{\"owner\": \" Alexys Nolan\"}',1,'2020-06-30 06:40:13','2021-07-09 12:20:11'),(9,100,'https://dropbox.net/vk/https://dropbox.net/vk/https://dropbox.net/vk/hicavimp4.mp3',3153460,'{\"owner\": \" Joany Green\"}',2,'2014-06-07 00:56:33','2021-07-09 12:20:11'),(10,74,'https://dropbox.net/vk/https://dropbox.net/vk/https://dropbox.net/vk/consequaturavipng.png',9265327,'{\"owner\": \" Billy Hahn\"}',3,'2019-07-03 11:59:05','2021-07-09 12:20:11'),(11,68,'https://dropbox.net/vk/https://dropbox.net/vk/https://dropbox.net/vk/nisipngpng.avi',6856258,'{\"owner\": \" Percival Vandervort\"}',1,'2016-01-04 07:29:56','2021-07-09 12:20:11'),(12,16,'https://dropbox.net/vk/https://dropbox.net/vk/https://dropbox.net/vk/perspiciatispngmp4.mp4',6475307,'{\"owner\": \" Irving Beier\"}',3,'2021-01-31 11:54:02','2021-07-09 12:20:11'),(13,79,'https://dropbox.net/vk/https://dropbox.net/vk/https://dropbox.net/vk/dolormp4mp4.avi',1797765,'{\"owner\": \" Marlen Kovacek\"}',1,'2016-09-18 05:09:38','2021-07-09 12:20:11'),(14,45,'https://dropbox.net/vk/https://dropbox.net/vk/https://dropbox.net/vk/sintmp4mp4.mp4',9552903,'{\"owner\": \" Alexandra Gutkowski\"}',3,'2013-05-13 09:33:24','2021-07-09 12:20:11'),(15,87,'https://dropbox.net/vk/https://dropbox.net/vk/https://dropbox.net/vk/cumquemp4avi.mp3',2361221,'{\"owner\": \" Leann Pfeffer\"}',3,'2013-01-29 14:35:36','2021-07-09 12:20:11'),(16,1,'https://dropbox.net/vk/https://dropbox.net/vk/https://dropbox.net/vk/laboriosammp3avi.mp3',3137396,'{\"owner\": \" Wellington Kilback\"}',2,'2012-11-02 07:54:07','2021-07-09 12:20:11'),(17,44,'https://dropbox.net/vk/https://dropbox.net/vk/https://dropbox.net/vk/quaspngmp4.mp3',8593318,'{\"owner\": \" Rigoberto Trantow\"}',2,'2015-07-17 18:19:11','2021-07-09 12:20:11'),(18,17,'https://dropbox.net/vk/https://dropbox.net/vk/https://dropbox.net/vk/officiispngpng.avi',3544403,'{\"owner\": \" Sheldon Keebler\"}',1,'2014-09-14 02:35:15','2021-07-09 12:20:11'),(19,51,'https://dropbox.net/vk/https://dropbox.net/vk/https://dropbox.net/vk/eosavimp4.mp3',1932060,'{\"owner\": \" Trevion Feil\"}',2,'2014-11-09 23:03:35','2021-07-09 12:20:11'),(20,2,'https://dropbox.net/vk/https://dropbox.net/vk/https://dropbox.net/vk/etavipng.mp4',9017095,'{\"owner\": \" Fletcher Heidenreich\"}',2,'2013-08-31 00:18:11','2021-07-09 12:20:11'),(21,57,'https://dropbox.net/vk/https://dropbox.net/vk/https://dropbox.net/vk/veritatisavimp4.png',9279293,'{\"owner\": \" Gladyce Bartoletti\"}',1,'2019-03-29 18:18:32','2021-07-09 12:20:11'),(22,80,'https://dropbox.net/vk/https://dropbox.net/vk/https://dropbox.net/vk/magnammp4avi.mp3',9335180,'{\"owner\": \" Catalina Langworth\"}',1,'2021-04-02 05:30:26','2021-07-09 12:20:11'),(23,29,'https://dropbox.net/vk/https://dropbox.net/vk/https://dropbox.net/vk/eumavipng.mp3',8828025,'{\"owner\": \" Garland Keeling\"}',2,'2020-02-26 04:55:11','2021-07-09 12:20:11'),(24,4,'https://dropbox.net/vk/https://dropbox.net/vk/https://dropbox.net/vk/deseruntmp3avi.mp3',6124584,'{\"owner\": \" Tianna Haag\"}',2,'2013-02-07 02:20:31','2021-07-09 12:20:11'),(25,31,'https://dropbox.net/vk/https://dropbox.net/vk/https://dropbox.net/vk/inmp3png.avi',4128847,'{\"owner\": \" Verlie Klocko\"}',1,'2020-12-31 05:41:34','2021-07-09 12:20:11'),(26,42,'https://dropbox.net/vk/https://dropbox.net/vk/https://dropbox.net/vk/laborepngavi.avi',2260481,'{\"owner\": \" Alexys Nolan\"}',1,'2013-07-11 02:07:43','2021-07-09 12:20:11'),(27,19,'https://dropbox.net/vk/https://dropbox.net/vk/https://dropbox.net/vk/cupiditatemp3png.mp3',8905868,'{\"owner\": \" Lorenza Botsford\"}',2,'2016-04-25 19:00:55','2021-07-09 12:20:11'),(28,69,'https://dropbox.net/vk/https://dropbox.net/vk/https://dropbox.net/vk/teneturmp3mp4.avi',7737898,'{\"owner\": \" Forrest Ziemann\"}',3,'2014-11-30 23:07:42','2021-07-09 12:20:11'),(29,87,'https://dropbox.net/vk/https://dropbox.net/vk/https://dropbox.net/vk/harumpngmp4.mp4',1961888,'{\"owner\": \" Leann Pfeffer\"}',1,'2013-05-13 16:02:20','2021-07-09 12:20:11'),(30,25,'https://dropbox.net/vk/https://dropbox.net/vk/https://dropbox.net/vk/repudiandaemp4mp3.mp3',6585743,'{\"owner\": \" Rebeca Schinner\"}',1,'2012-08-06 02:45:21','2021-07-09 12:20:11'),(31,67,'https://dropbox.net/vk/https://dropbox.net/vk/https://dropbox.net/vk/rationepngmp3.mp4',7033054,'{\"owner\": \" Mitchell Jenkins\"}',2,'2019-07-13 02:31:23','2021-07-09 12:20:11'),(32,57,'https://dropbox.net/vk/https://dropbox.net/vk/https://dropbox.net/vk/iurepngavi.mp3',5398042,'{\"owner\": \" Gladyce Bartoletti\"}',3,'2018-03-17 20:52:08','2021-07-09 12:20:11'),(33,86,'https://dropbox.net/vk/https://dropbox.net/vk/https://dropbox.net/vk/providentavipng.mp4',5881049,'{\"owner\": \" Casper DuBuque\"}',1,'2014-07-23 02:01:09','2021-07-09 12:20:11'),(34,57,'https://dropbox.net/vk/https://dropbox.net/vk/https://dropbox.net/vk/quiaavimp4.mp4',3201120,'{\"owner\": \" Gladyce Bartoletti\"}',3,'2013-01-26 07:57:18','2021-07-09 12:20:11'),(35,27,'https://dropbox.net/vk/https://dropbox.net/vk/https://dropbox.net/vk/iustopngavi.mp4',8352452,'{\"owner\": \" Isai Dickens\"}',2,'2012-11-16 21:32:58','2021-07-09 12:20:11'),(36,65,'https://dropbox.net/vk/https://dropbox.net/vk/https://dropbox.net/vk/ipsumavimp4.png',2148904,'{\"owner\": \" Jake Wolff\"}',2,'2020-11-25 11:56:42','2021-07-09 12:20:11'),(37,41,'https://dropbox.net/vk/https://dropbox.net/vk/https://dropbox.net/vk/velavipng.avi',5677161,'{\"owner\": \" Kiarra Kuphal\"}',2,'2015-06-07 03:14:15','2021-07-09 12:20:11'),(38,12,'https://dropbox.net/vk/https://dropbox.net/vk/https://dropbox.net/vk/impeditpngpng.png',1929096,'{\"owner\": \" Hester Pagac\"}',3,'2014-05-08 02:09:12','2021-07-09 12:20:11'),(39,35,'https://dropbox.net/vk/https://dropbox.net/vk/https://dropbox.net/vk/autemaviavi.avi',2603997,'{\"owner\": \" Kylee Goldner\"}',2,'2017-09-24 13:58:23','2021-07-09 12:20:11'),(40,39,'https://dropbox.net/vk/https://dropbox.net/vk/https://dropbox.net/vk/harumpngavi.avi',7222699,'{\"owner\": \" Allie Bogan\"}',1,'2014-05-20 12:56:11','2021-07-09 12:20:11'),(41,88,'https://dropbox.net/vk/https://dropbox.net/vk/https://dropbox.net/vk/quaspngmp4.avi',8291505,'{\"owner\": \" Roel Waters\"}',3,'2017-02-26 20:24:38','2021-07-09 12:20:11'),(42,23,'https://dropbox.net/vk/https://dropbox.net/vk/https://dropbox.net/vk/minimapngavi.png',9779429,'{\"owner\": \" Deonte Gutmann\"}',3,'2017-02-08 06:43:24','2021-07-09 12:20:11'),(43,51,'https://dropbox.net/vk/https://dropbox.net/vk/https://dropbox.net/vk/etmp4avi.mp4',4012631,'{\"owner\": \" Trevion Feil\"}',3,'2017-11-26 13:35:53','2021-07-09 12:20:11'),(44,87,'https://dropbox.net/vk/https://dropbox.net/vk/https://dropbox.net/vk/impeditpngmp3.avi',714870,'{\"owner\": \" Leann Pfeffer\"}',1,'2015-07-29 17:45:55','2021-07-09 12:20:11'),(45,81,'https://dropbox.net/vk/https://dropbox.net/vk/https://dropbox.net/vk/beataepngmp3.mp3',1526456,'{\"owner\": \" Maverick Metz\"}',1,'2018-08-19 13:55:10','2021-07-09 12:20:11'),(46,43,'https://dropbox.net/vk/https://dropbox.net/vk/https://dropbox.net/vk/molestiaepngpng.mp4',5477669,'{\"owner\": \" Stevie Morissette\"}',2,'2020-04-09 22:29:47','2021-07-09 12:20:11'),(47,72,'https://dropbox.net/vk/https://dropbox.net/vk/https://dropbox.net/vk/adipiscimp3avi.mp3',2798981,'{\"owner\": \" Brannon Leffler\"}',2,'2018-10-06 01:20:09','2021-07-09 12:20:11'),(48,31,'https://dropbox.net/vk/https://dropbox.net/vk/https://dropbox.net/vk/quimp3mp3.mp3',7551900,'{\"owner\": \" Verlie Klocko\"}',2,'2017-12-03 01:43:58','2021-07-09 12:20:11'),(49,38,'https://dropbox.net/vk/https://dropbox.net/vk/https://dropbox.net/vk/estpngmp3.mp4',9352555,'{\"owner\": \" Green Schulist\"}',1,'2014-11-08 23:37:13','2021-07-09 12:20:11'),(50,94,'https://dropbox.net/vk/https://dropbox.net/vk/https://dropbox.net/vk/aliaspngavi.mp4',4097076,'{\"owner\": \" Harmony Padberg\"}',2,'2017-01-25 00:02:06','2021-07-09 12:20:11');
/*!40000 ALTER TABLE `media` ENABLE KEYS */;
UNLOCK TABLES;

--
-- Table structure for table `media_types`
--

DROP TABLE IF EXISTS `media_types`;
/*!40101 SET @saved_cs_client     = @@character_set_client */;
/*!50503 SET character_set_client = utf8mb4 */;
CREATE TABLE `media_types` (
  `id` int unsigned NOT NULL AUTO_INCREMENT COMMENT '╨Ш╨┤╨╡╨╜╤В╨╕╤Д╨╕╨║╨░╤В╨╛╤А ╤Б╤В╤А╨╛╨║╨╕',
  `name` varchar(255) CHARACTER SET utf8mb4 COLLATE utf8mb4_unicode_ci NOT NULL COMMENT '╨Э╨░╨╖╨▓╨░╨╜╨╕╨╡ ╤В╨╕╨┐╨░',
  `created_at` datetime DEFAULT CURRENT_TIMESTAMP COMMENT '╨Т╤А╨╡╨╝╤П ╤Б╨╛╨╖╨┤╨░╨╜╨╕╤П ╤Б╤В╤А╨╛╨║╨╕',
  `updated_at` datetime DEFAULT CURRENT_TIMESTAMP ON UPDATE CURRENT_TIMESTAMP COMMENT '╨Т╤А╨╡╨╝╤П ╨╛╨▒╨╜╨╛╨▓╨╗╨╡╨╜╨╕╤П ╤Б╤В╤А╨╛╨║╨╕',
  PRIMARY KEY (`id`),
  UNIQUE KEY `name` (`name`)
) ENGINE=InnoDB AUTO_INCREMENT=4 DEFAULT CHARSET=utf8mb4 COLLATE=utf8mb4_unicode_ci COMMENT='╨в╨╕╨┐╤Л ╨╝╨╡╨┤╨╕╨░╤Д╨░╨╣╨╗╨╛╨▓';
/*!40101 SET character_set_client = @saved_cs_client */;

--
-- Dumping data for table `media_types`
--

LOCK TABLES `media_types` WRITE;
/*!40000 ALTER TABLE `media_types` DISABLE KEYS */;
INSERT INTO `media_types` VALUES (1,'photo','2021-07-09 12:19:01','2021-07-09 12:19:01'),(2,'audio','2021-07-09 12:19:01','2021-07-09 12:19:01'),(3,'video','2021-07-09 12:19:01','2021-07-09 12:19:01');
/*!40000 ALTER TABLE `media_types` ENABLE KEYS */;
UNLOCK TABLES;

--
-- Table structure for table `messages`
--

DROP TABLE IF EXISTS `messages`;
/*!40101 SET @saved_cs_client     = @@character_set_client */;
/*!50503 SET character_set_client = utf8mb4 */;
CREATE TABLE `messages` (
  `id` int unsigned NOT NULL AUTO_INCREMENT COMMENT '╨Ш╨┤╨╡╨╜╤В╨╕╤Д╨╕╨║╨░╤В╨╛╤А ╤Б╤В╤А╨╛╨║╨╕',
  `from_user_id` int unsigned NOT NULL COMMENT '╨б╤Б╤Л╨╗╨║╨░ ╨╜╨░ ╨╛╤В╨┐╤А╨░╨▓╨╕╤В╨╡╨╗╤П ╤Б╨╛╨╛╨▒╤Й╨╡╨╜╨╕╤П',
  `to_user_id` int unsigned NOT NULL COMMENT '╨б╤Б╤Л╨╗╨║╨░ ╨╜╨░ ╨┐╨╛╨╗╤Г╤З╨░╤В╨╡╨╗╤П ╤Б╨╛╨╛╨▒╤Й╨╡╨╜╨╕╤П',
  `body` text CHARACTER SET utf8mb4 COLLATE utf8mb4_unicode_ci NOT NULL COMMENT '╨в╨╡╨║╤Б╤В ╤Б╨╛╨╛╨▒╤Й╨╡╨╜╨╕╤П',
  `is_important` tinyint(1) DEFAULT NULL COMMENT '╨Я╤А╨╕╨╖╨╜╨░╨║ ╨▓╨░╨╢╨╜╨╛╤Б╤В╨╕',
  `is_delivered` tinyint(1) DEFAULT NULL COMMENT '╨Я╤А╨╕╨╖╨╜╨░╨║ ╨┤╨╛╤Б╤В╨░╨▓╨║╨╕',
  `created_at` datetime DEFAULT CURRENT_TIMESTAMP COMMENT '╨Т╤А╨╡╨╝╤П ╤Б╨╛╨╖╨┤╨░╨╜╨╕╤П ╤Б╤В╤А╨╛╨║╨╕',
  PRIMARY KEY (`id`)
) ENGINE=InnoDB AUTO_INCREMENT=101 DEFAULT CHARSET=utf8mb4 COLLATE=utf8mb4_unicode_ci COMMENT='╨б╨╛╨╛╨▒╤Й╨╡╨╜╨╕╤П';
/*!40101 SET character_set_client = @saved_cs_client */;

--
-- Dumping data for table `messages`
--

LOCK TABLES `messages` WRITE;
/*!40000 ALTER TABLE `messages` DISABLE KEYS */;
INSERT INTO `messages` VALUES (1,68,87,'Nisi debitis iure facere. A fuga aperiam est nemo illo. Rerum repudiandae laborum provident ipsum vel sed non.',0,0,'2015-08-15 13:40:53'),(2,33,3,'Quam ipsa ut quam. Quam ex incidunt totam quos rerum. Rerum ea rem vitae et laboriosam nostrum. Aut eum vel quia voluptas asperiores et soluta molestiae.',0,1,'2011-11-29 00:28:22'),(3,17,73,'Velit iste laudantium ipsam dolorem possimus. Quos eius est enim nobis. Provident rerum ipsam quibusdam quaerat ipsum.',0,0,'2016-09-29 14:16:17'),(4,15,55,'Quasi tenetur et impedit velit. Sed quam ipsam placeat qui iure. Sint alias maiores rerum ab rem voluptatibus qui. Autem sunt adipisci id quisquam ut id.',0,1,'2018-01-04 06:16:54'),(5,29,78,'Dolor rerum iusto nostrum quaerat. Non dolor eos rem vel. Ab quis esse quo soluta.',0,1,'2014-03-20 12:33:54'),(6,5,91,'Velit tenetur minima est error vero. Quas doloribus odio distinctio non et distinctio. Et molestiae qui repellendus labore. Autem consequatur voluptatem et nihil.',0,1,'2017-01-20 01:29:19'),(7,38,16,'Fugiat sint perferendis occaecati animi laudantium est deleniti voluptatem. Voluptatibus debitis animi id ut odio nesciunt. Optio sit dolore voluptatem voluptatum aut.',1,1,'2015-07-25 20:50:44'),(8,67,88,'Corrupti odit amet consequuntur voluptate et inventore. Aut rerum illum vitae nobis est sint repellendus. Vitae vero et officia occaecati qui voluptas.',1,1,'2015-07-28 23:00:35'),(9,36,15,'Et fuga ipsam doloribus dicta accusantium enim omnis eaque. Optio doloribus veritatis odit quia accusantium corporis natus quisquam. Vel est fugiat ab maxime assumenda quis.',0,1,'2018-02-13 13:40:05'),(10,67,91,'Fuga fuga maiores quam voluptatem ad sint sunt. Corporis quaerat facilis provident et cum et unde sit. At dignissimos et quos aspernatur ab error.',1,0,'2018-08-14 03:44:13'),(11,53,93,'Architecto alias sit a repellendus natus et. Eaque dicta nihil qui asperiores. Neque culpa nostrum ut vel. Distinctio qui et totam vitae incidunt rerum dolores.',1,0,'2019-08-22 05:08:41'),(12,5,45,'Perspiciatis et voluptatem ut voluptatibus ducimus ut. Sequi explicabo modi aspernatur adipisci quis laborum. Beatae tempora quas esse error doloremque iste aut.',1,1,'2018-08-20 00:52:37'),(13,11,18,'Illo maiores est nihil sed. Qui rerum eos exercitationem repudiandae rerum iste. Numquam vel reiciendis consequatur iure.',0,0,'2014-07-27 04:51:07'),(14,55,23,'Laborum velit autem nemo eos fugiat quisquam repellat. Corrupti sint enim dolorem rerum. Aut sunt ut inventore ducimus temporibus. Qui totam facere qui exercitationem eum.',1,1,'2019-01-10 09:41:02'),(15,50,80,'Eligendi suscipit iure ut est dignissimos quisquam. Blanditiis nihil itaque nostrum totam. Provident sit non maiores. Doloribus nisi sit cum consequatur.',0,1,'2021-02-22 09:17:12'),(16,50,10,'Commodi velit nemo quia similique. Blanditiis et qui dolorem aut nulla voluptatem voluptatum quidem. Nostrum quibusdam aut ad ipsum vel. Illo eum repudiandae saepe aut minus exercitationem. Quia modi sit quo error.',1,1,'2017-09-10 21:17:27'),(17,99,62,'Ut dolores non quos in. Ut assumenda laborum deserunt necessitatibus qui. Soluta aut placeat architecto similique occaecati.',1,1,'2011-07-24 23:59:26'),(18,16,93,'Qui dignissimos laborum beatae amet. Illum aspernatur aspernatur consequatur quam.',1,0,'2021-04-08 17:34:47'),(19,16,3,'Consequatur vel nihil aut consequuntur. Exercitationem odit consequatur corporis et et. Molestiae quae rem eum. Quia consequatur perferendis a nemo qui aut perferendis.',0,0,'2013-04-30 18:15:56'),(20,63,6,'Maiores omnis ea aut non et nemo voluptate. Vitae sint placeat id officia. Et magnam sint tenetur sapiente.',1,0,'2014-01-25 03:23:55'),(21,39,79,'Et ut qui placeat vitae. Est vel at aut vel dolor ea ad. Tempora ab commodi omnis in est sed.',0,1,'2017-06-21 19:41:43'),(22,77,47,'Esse libero dicta molestias ut ut. Voluptates iure libero laboriosam sit repudiandae numquam. Quisquam et dolorum vel quos rerum corporis. Tempore voluptas consectetur quaerat nam.',0,1,'2011-07-28 18:34:35'),(23,6,85,'Quibusdam non earum quo id dolorem. Cupiditate placeat et nisi velit aspernatur et sit. Est inventore eos vitae libero incidunt. Quaerat vero eos totam atque est sit ea.',1,0,'2014-03-03 03:05:25'),(24,7,81,'Eum quisquam aliquam magnam officiis voluptas minima. Doloribus cum voluptates doloribus fuga quia in et. Nobis perferendis eos est qui.',0,0,'2017-11-29 05:41:22'),(25,84,77,'Qui voluptatum accusantium occaecati delectus nulla omnis. Repudiandae nemo dignissimos reprehenderit et aut. Eaque impedit possimus expedita non laboriosam praesentium consectetur.',1,1,'2015-07-25 23:31:29'),(26,31,22,'Temporibus aut voluptas quo sint. Adipisci nostrum quae maxime quisquam et quos et iusto. Voluptatem iste id quis odio ad. Odio ducimus eius repellendus ut ut sit impedit.',1,0,'2020-10-20 21:05:30'),(27,19,26,'Sed pariatur labore aliquam temporibus corrupti beatae magni omnis. Blanditiis alias omnis culpa.',1,1,'2014-09-22 05:13:13'),(28,74,92,'Est voluptate iste quas tenetur ut. Consequuntur enim ipsum voluptatem ut. Voluptatem itaque temporibus ratione architecto consequuntur consequuntur doloribus qui. Voluptas asperiores pariatur quidem doloremque facilis officiis ratione.',0,0,'2020-01-02 04:46:25'),(29,37,11,'Sunt ut officia aut laborum illo. Inventore alias quia totam ut earum. Delectus voluptatem nostrum voluptatem odio vitae voluptatem.',0,0,'2014-12-30 17:25:51'),(30,40,67,'Et quo nemo ut quia id quod explicabo. Asperiores aut nam dicta magni similique. Similique rerum voluptas corrupti assumenda nesciunt tenetur. Est libero sint tempora sed qui aliquam aliquam.',0,0,'2020-08-17 07:18:24'),(31,16,76,'Doloribus consequuntur aut illum eos quia. Consequuntur sunt nulla consequatur. Alias voluptate dolorem labore iusto.',1,1,'2012-09-21 02:06:52'),(32,35,43,'Quia voluptates voluptate quia iure quo provident beatae. Perspiciatis et libero voluptatem aut consectetur similique inventore eos. Quidem nihil mollitia perspiciatis quas doloremque. Hic et iure perspiciatis dolores ea.',1,1,'2020-12-25 03:23:39'),(33,10,22,'Mollitia illo dolorem distinctio ducimus temporibus magni. Perferendis voluptate enim quam nulla quia. Quidem eligendi et modi quia minima. Atque facere illum veritatis qui necessitatibus cupiditate delectus.',0,1,'2018-01-24 08:59:23'),(34,79,31,'Possimus atque dolorum iusto in. Aut sed at in dolores. Ullam fugit quas fugiat omnis deserunt alias.',0,0,'2014-03-04 14:22:59'),(35,14,77,'Corporis consequuntur dolores et iure aliquid. Totam dolorem est animi laborum quia. Laborum hic possimus accusantium voluptatum sit repudiandae enim hic. Libero consequatur laudantium vero hic iure a et.',1,0,'2018-08-20 01:35:18'),(36,42,78,'Impedit neque quae itaque quas. Consectetur sequi officiis saepe dolorum earum sunt. Nisi itaque possimus quae est. Veritatis aperiam impedit fugiat in voluptatem animi nulla.',1,0,'2016-12-23 03:12:47'),(37,63,81,'Ut reiciendis laudantium quas perferendis. Omnis et quia magni et nobis. Pariatur mollitia asperiores labore excepturi incidunt odit dicta in. At aut cum sapiente id sunt accusantium.',1,1,'2015-06-05 08:16:37'),(38,14,29,'Ut quasi delectus ut dignissimos laboriosam numquam mollitia. Sed ad unde dolore non blanditiis itaque. Blanditiis rem officia enim repudiandae porro reiciendis porro.',0,1,'2020-12-09 22:30:02'),(39,4,29,'Beatae est amet est aspernatur eligendi dolores qui. Esse aut exercitationem odio rerum in. Illo reiciendis et rerum. Consequatur veniam accusantium dolores deleniti nostrum id.',0,0,'2014-05-14 06:16:17'),(40,33,80,'Explicabo vel ea dolor recusandae enim quia ex. Labore delectus eaque tempore et qui explicabo. Doloremque dolorem qui reiciendis magnam ut occaecati inventore.',0,1,'2017-01-07 08:22:32'),(41,99,54,'Ullam officiis quas occaecati modi dolorem. Dolorem repellat maiores dolorum. Itaque sapiente ex optio earum sapiente sed et. Aliquam minima dignissimos dolorem sunt quod.',0,1,'2013-08-05 20:15:47'),(42,73,4,'Tempore at earum velit sed officiis. Amet consequatur cum dicta dolorem sapiente animi illum. Maiores culpa aut expedita sint et perspiciatis impedit.',0,1,'2014-10-10 07:12:25'),(43,98,77,'Incidunt exercitationem ex tempore dolorum. Nisi quo et tenetur dolores ut ipsam eum. Ratione ea voluptatem unde tempora quam.',1,1,'2015-05-06 11:22:50'),(44,90,19,'Porro velit quis alias sint voluptatibus voluptatibus quae. Cum repellendus sed numquam provident a. Architecto ea perferendis rerum.',1,0,'2017-10-05 00:38:25'),(45,27,75,'Voluptatum impedit magni omnis in rerum commodi. Qui inventore debitis id nobis officia quibusdam sequi harum. Aperiam autem non incidunt adipisci cum.',0,0,'2017-09-09 08:04:38'),(46,93,41,'Aut et voluptatum deserunt qui ratione perspiciatis. Blanditiis placeat et cumque incidunt quo alias quibusdam libero. Quia mollitia rerum minus nostrum rerum ut doloremque. Dignissimos necessitatibus assumenda id et fugit non.',1,0,'2016-04-11 07:13:53'),(47,24,98,'Dolore et aut illum eaque tenetur. Velit sit alias nemo id est qui dolorum repudiandae. Vel dolorem est et maxime tempora.',0,0,'2019-10-31 13:19:05'),(48,15,82,'Et cum corporis ipsum provident atque. Aut cupiditate aliquam non aspernatur. Facere dolorem dolorem recusandae maiores qui dolore earum dolorum. Excepturi sit praesentium facere dignissimos aut. Incidunt quae neque est sed autem voluptatum architecto quas.',1,1,'2014-12-16 23:22:24'),(49,65,76,'Omnis consequatur facere molestiae aut. Nostrum debitis esse quae suscipit nesciunt.',0,1,'2015-07-19 02:53:35'),(50,87,6,'Sunt ea deserunt nam exercitationem cumque in ratione nam. Assumenda quis doloremque sed nobis est vel dolorum.',0,0,'2019-11-12 22:03:42'),(51,70,32,'Possimus est et accusantium ipsa est. Officiis dolores est corrupti voluptas est non quia consectetur. Magni quidem veniam amet ad. Nam minus quisquam vel id.',1,1,'2019-10-08 19:16:33'),(52,47,39,'Consequatur enim eius ipsam quas quisquam similique sint nihil. Esse officia quas explicabo minima aperiam. Numquam omnis blanditiis ad ea dolorum soluta. Quasi et omnis sit ipsum tempora quis non.',0,1,'2014-06-05 18:31:32'),(53,54,51,'At odit quis itaque provident et facilis mollitia vitae. Sed aut dolorem quo ratione. Ipsa dolorem deserunt non. Quia illo id aliquid qui ut quibusdam ratione.',0,0,'2012-08-31 13:48:16'),(54,93,14,'Sunt ut aspernatur maxime. Nulla doloribus voluptatum reprehenderit itaque officiis aut.',1,0,'2016-02-16 07:48:12'),(55,89,2,'Numquam fuga corporis velit veritatis ea in. Illo labore consequatur hic aut. Alias dolore ut dolor aut molestiae earum voluptas. Et incidunt harum doloremque quae enim. Eum nihil et dolor quod aut.',0,1,'2012-01-12 18:58:29'),(56,41,1,'Ipsum aliquam atque quis voluptates. Similique qui delectus vel vel in dolor. Reiciendis sequi quis repellat voluptatem asperiores.',1,0,'2012-11-11 15:40:46'),(57,80,97,'Minima illo et quo. Id fugit consequatur corporis voluptas. Nobis nostrum numquam consequuntur repellendus eius.',1,1,'2019-12-05 15:47:24'),(58,43,25,'Ex id voluptatum velit consequuntur voluptatibus temporibus. Et non totam nulla tempore qui. Qui maiores ut facilis eius illum vitae enim accusamus.',1,1,'2011-08-20 19:48:44'),(59,95,100,'Et non consequatur vel sit enim cupiditate dolorem. Voluptatem blanditiis voluptatem adipisci. Voluptates natus temporibus et perspiciatis harum eum iure sit. Commodi recusandae doloremque veritatis officiis facere.',1,0,'2020-10-28 10:00:55'),(60,14,71,'Non cum dolorem sint similique beatae esse. Aspernatur nesciunt laudantium consequatur officia ullam. Laboriosam similique consectetur voluptatem quis.',0,0,'2015-07-11 21:40:48'),(61,13,49,'Quasi voluptates dolore sed saepe odit ipsum. Est molestias non quo. In qui adipisci asperiores cupiditate autem ut commodi. Ipsa sapiente recusandae voluptatum possimus aut.',1,1,'2020-10-06 10:14:13'),(62,8,90,'Labore odio laudantium quam qui officiis vero. Eaque labore in maxime explicabo. Error alias est eligendi ipsam reiciendis aspernatur odio ipsum.',1,1,'2015-04-09 15:41:50'),(63,25,54,'Iusto sapiente dolores aut rem saepe non laudantium ut. Aut quam natus eaque. Ut nulla veniam vero rem sit et.',1,0,'2013-04-29 09:43:48'),(64,95,15,'Quam provident dolorem possimus quisquam. Dignissimos enim eveniet ea. Quasi quis explicabo qui dolores et eos voluptatem. Molestiae laboriosam eius libero cumque voluptas eum.',0,0,'2016-10-12 03:32:17'),(65,87,90,'Maxime illum similique qui asperiores. Necessitatibus qui ut facere doloremque. Quo tempora praesentium asperiores nostrum quae quibusdam ut.',0,1,'2014-06-13 00:33:45'),(66,87,65,'Laborum mollitia exercitationem est consequatur exercitationem ut. Expedita ullam repellat quod est sequi. Voluptatem vitae quae quod alias vel rem. Enim aut atque quas et tempora. Sed molestiae provident iste in consequatur praesentium.',0,0,'2013-04-30 06:02:42'),(67,62,16,'Nihil commodi maiores facilis. Perferendis consectetur ipsum nulla eos facere esse dolor. Aliquid aspernatur vel doloremque itaque occaecati id. Porro exercitationem eos voluptatem vel.',0,0,'2019-12-18 01:01:41'),(68,95,28,'Qui quia quibusdam iure dolorem voluptatem ipsum sunt. Quidem rerum sunt illo. Enim dolore molestiae itaque molestiae sed.',0,0,'2019-11-28 18:00:46'),(69,51,70,'Molestias rem sed eum cumque et nihil sunt. Sapiente minima sit amet accusantium est dolores qui perspiciatis. Voluptatem quos sapiente illo excepturi eligendi quasi sint.',1,0,'2011-07-11 16:19:13'),(70,97,77,'Veniam amet autem similique neque odit dolor commodi. Temporibus et ut est eum ratione hic omnis. Rerum earum sint et saepe ratione accusamus.',0,0,'2020-08-08 10:35:36'),(71,92,28,'Et non enim vero est rerum est sed. Voluptas nihil debitis alias aperiam consequatur aliquid ducimus. Corrupti rerum et qui nihil eaque officia impedit.',1,1,'2018-09-20 16:41:35'),(72,63,33,'Sed molestiae ut debitis autem animi et vero. Eligendi facere qui eaque.',0,0,'2020-01-18 06:19:52'),(73,74,71,'Rerum quia praesentium ut. Sed error et ipsa necessitatibus error reprehenderit. Quas minima nemo et reprehenderit vel vel quia dolorem.',0,0,'2019-11-25 14:55:21'),(74,34,57,'Rem labore perferendis animi assumenda. Deserunt minus ab expedita sunt consectetur. Voluptas at iure quibusdam.',0,0,'2019-04-24 07:24:01'),(75,80,28,'Velit rerum est sed omnis ut. Consequatur vero porro quaerat non. Aliquam vel eum impedit laudantium perspiciatis. Libero ipsam ipsum ipsa quo beatae.',1,1,'2017-04-06 04:03:36'),(76,99,11,'Rerum sequi et hic excepturi. Veniam laudantium nesciunt sunt expedita. Aspernatur mollitia aut voluptate consequatur. Sint tempora ut iure iste tenetur.',0,0,'2020-07-07 00:07:05'),(77,59,62,'Ipsa harum vero et recusandae. Magnam quia facere sed suscipit. Dolorum quis beatae quo.',0,0,'2016-12-02 17:23:29'),(78,30,66,'Asperiores totam reiciendis eos molestiae in consequatur. Reiciendis voluptate nesciunt rerum minus voluptas eius nihil. Sint rerum beatae vero eveniet non vero.',1,1,'2021-06-07 03:10:52'),(79,37,86,'Impedit sunt impedit impedit deserunt quibusdam commodi. Atque voluptate ipsa qui natus quia repellat. Fuga sed labore aut qui veritatis eligendi delectus.',1,0,'2021-06-10 13:32:24'),(80,20,39,'Sapiente voluptatibus eveniet error omnis sed quasi. Esse eum dolores voluptate laboriosam occaecati. Qui consequatur corrupti sapiente ducimus reprehenderit illo. Molestiae magnam soluta sed illo error.',1,1,'2021-02-06 21:25:57'),(81,37,65,'Dicta et neque quia vero excepturi qui fugiat. Ut impedit quia ab architecto error voluptatum laborum.',1,1,'2012-03-24 00:05:07'),(82,13,73,'Magni vel minus quos amet quos. Est ullam nesciunt enim tempora et eius iure. Voluptas eos et deserunt quia sit est.',0,1,'2015-12-19 08:43:40'),(83,23,98,'Repellendus qui asperiores sed quia provident. Inventore iure autem temporibus corporis molestiae enim voluptatem voluptatibus. Qui assumenda aut doloremque hic quam.',0,0,'2011-08-13 16:23:49'),(84,17,92,'Ea odit facere amet nesciunt sed vel quia quibusdam. Quibusdam odio provident aliquid sed ut. Vel blanditiis in consequuntur. Ea pariatur praesentium ab quibusdam.',1,0,'2018-11-22 09:50:36'),(85,10,73,'Perferendis assumenda voluptatem rerum est consequatur voluptatem odio expedita. Quia illum suscipit aliquam velit nesciunt ut. Consequatur ex recusandae fuga adipisci expedita. Qui ullam rerum iure iste quasi nobis saepe.',0,0,'2011-08-07 08:20:43'),(86,33,46,'Animi perferendis qui quos voluptate et veniam. Odit quas veniam facilis consectetur laboriosam quod. Quas tempore vero aperiam.',0,0,'2012-08-28 23:29:34'),(87,31,14,'Sunt iure qui commodi voluptatem nobis suscipit voluptatibus tempora. Impedit voluptatem animi ut accusamus repellendus doloribus. Vel ducimus ea sapiente et rerum earum ut sit. Soluta ad quaerat iusto.',0,0,'2015-12-05 05:32:54'),(88,80,56,'Pariatur accusantium quas ipsam sed cum quis eligendi. Voluptatem sed sit quia delectus hic. Et enim quod enim aliquam id cumque sit illum.',0,1,'2017-06-21 20:16:21'),(89,40,31,'Ab adipisci eius et. Commodi quia nesciunt corporis magnam animi laboriosam. Maxime provident voluptatem consectetur. Ipsum incidunt voluptates iure sequi error nemo.',0,0,'2012-01-10 14:26:31'),(90,34,78,'Aut eum pariatur corrupti voluptatem. Reiciendis dolorem quos omnis qui placeat animi minus. Quaerat repudiandae et omnis architecto dolores eveniet sint.',1,0,'2017-11-04 00:59:08'),(91,87,2,'Enim sed voluptatem excepturi laudantium quo. Ut non facilis tenetur officia. Ex qui architecto placeat rerum vitae odio nisi.',0,1,'2016-12-30 15:50:53'),(92,46,25,'Tempore quidem qui inventore aut sit facere dolorum sint. Eos aut qui ex quasi consequatur repudiandae quia. Quod sunt ut distinctio architecto architecto quaerat illo.',1,0,'2020-08-11 14:12:05'),(93,87,59,'Sint quia qui possimus similique. At qui eos similique ratione et. Id possimus neque porro sed fuga explicabo. Ipsum omnis numquam assumenda molestiae quo qui.',0,1,'2014-06-26 16:05:59'),(94,32,84,'Est eum ea est quis. Est alias reiciendis corporis eum tempora. Pariatur officiis esse qui est sed facere eaque. Aut vel numquam corrupti et officia pariatur mollitia laborum. Illum sit repellat et magni perspiciatis molestiae eius.',1,1,'2017-12-26 19:09:19'),(95,24,66,'Molestiae ipsa odio saepe aut velit quaerat eos sed. Animi et nam odit quae corrupti esse veritatis. Minima quae explicabo a nesciunt aperiam.',1,0,'2011-10-17 16:18:39'),(96,57,86,'Quia ut facere sequi fugiat. Repellendus iure omnis odit numquam est animi omnis. Omnis omnis quia id consequatur tenetur cumque aut. Eligendi assumenda consequuntur qui quasi in adipisci et.',0,1,'2019-11-03 15:29:59'),(97,60,41,'Quia provident illo sunt accusamus a earum. Sint officia omnis molestiae. Qui consequatur dolorem est non et rerum totam. Quo qui omnis veniam nulla laborum. Aliquid non et officiis.',1,0,'2020-02-11 00:16:31'),(98,23,92,'Laudantium et aut at ipsum esse asperiores hic. Tempore nam dolorem impedit eveniet impedit. Rerum temporibus esse velit fugit et.',0,0,'2019-12-23 14:17:34'),(99,93,85,'Qui expedita sunt in optio aut cum quia. Non aliquid qui ea ullam quis. Consequatur vel cumque debitis adipisci commodi in.',1,0,'2018-04-25 14:28:59'),(100,48,82,'Ipsam aut deleniti ducimus voluptatibus quia. Non et debitis error dolor assumenda corporis libero architecto. Ab consectetur nostrum soluta. Numquam consequatur assumenda occaecati sapiente.',1,1,'2012-04-25 20:34:43');
/*!40000 ALTER TABLE `messages` ENABLE KEYS */;
UNLOCK TABLES;

--
-- Table structure for table `profiles`
--

DROP TABLE IF EXISTS `profiles`;
/*!40101 SET @saved_cs_client     = @@character_set_client */;
/*!50503 SET character_set_client = utf8mb4 */;
CREATE TABLE `profiles` (
  `user_id` int unsigned NOT NULL COMMENT '╨б╤Б╤Л╨╗╨║╨░ ╨╜╨░ ╨┐╨╛╨╗╤М╨╖╨╛╨▓╨░╤В╨╡╨╗╤П',
  `gender` enum('m','f') COLLATE utf8mb4_unicode_ci DEFAULT NULL,
  `birthday` date DEFAULT NULL COMMENT '╨Ф╨░╤В╨░ ╤А╨╛╨╢╨┤╨╡╨╜╨╕╤П',
  `city_id` int unsigned DEFAULT NULL COMMENT '╨б╤Б╤Л╨╗╨║╨░ ╨╜╨░ ╨│╨╛╤А╨╛╨┤ ╨┐╤А╨╛╨╢╨╕╨▓╨░╨╜╨╕╤П',
  `created_at` datetime DEFAULT CURRENT_TIMESTAMP COMMENT '╨Т╤А╨╡╨╝╤П ╤Б╨╛╨╖╨┤╨░╨╜╨╕╤П ╤Б╤В╤А╨╛╨║╨╕',
  `updated_at` datetime DEFAULT CURRENT_TIMESTAMP ON UPDATE CURRENT_TIMESTAMP COMMENT '╨Т╤А╨╡╨╝╤П ╨╛╨▒╨╜╨╛╨▓╨╗╨╡╨╜╨╕╤П ╤Б╤В╤А╨╛╨║╨╕',
  PRIMARY KEY (`user_id`)
) ENGINE=InnoDB DEFAULT CHARSET=utf8mb4 COLLATE=utf8mb4_unicode_ci COMMENT='╨Я╤А╨╛╤Д╨╕╨╗╨╕';
/*!40101 SET character_set_client = @saved_cs_client */;

--
-- Dumping data for table `profiles`
--

LOCK TABLES `profiles` WRITE;
/*!40000 ALTER TABLE `profiles` DISABLE KEYS */;
INSERT INTO `profiles` VALUES (1,'f','2004-05-18',3,'2016-09-20 12:53:03','2021-07-09 12:13:02'),(2,'m','1996-12-01',1,'2017-10-07 13:45:51','2021-07-09 12:13:02'),(3,'f','2015-06-27',2,'2011-10-03 16:45:35','2021-07-09 12:13:02'),(4,'f','2013-07-05',3,'2013-05-21 19:24:31','2021-07-09 12:13:02'),(5,'m','2008-07-06',3,'2017-10-13 19:48:35','2021-07-09 12:13:02'),(6,'m','1992-09-24',1,'2020-04-28 00:40:43','2021-07-09 12:13:02'),(7,'f','2016-05-10',4,'2021-02-20 05:35:26','2021-07-09 12:13:02'),(8,'f','1977-12-02',4,'2015-01-22 19:03:09','2021-07-09 12:13:02'),(9,'m','1993-03-08',5,'2019-05-22 01:53:06','2021-07-09 12:13:02'),(10,'f','1984-04-14',2,'2019-07-15 01:35:55','2021-07-09 12:13:02'),(11,'m','2013-10-17',2,'2013-04-24 04:27:12','2021-07-09 12:13:02'),(12,'m','2009-06-07',4,'2016-07-04 12:34:25','2021-07-09 12:13:02'),(13,'m','2015-10-01',1,'2019-05-19 07:52:27','2021-07-09 12:13:02'),(14,'f','2002-05-20',2,'2014-03-29 10:03:23','2021-07-09 12:13:02'),(15,'m','1972-09-01',3,'2021-04-20 12:50:18','2021-07-09 12:13:02'),(16,'m','1983-01-07',5,'2018-10-24 23:15:38','2021-07-09 12:13:02'),(17,'m','1989-11-05',5,'2015-08-09 08:26:35','2021-07-09 12:13:02'),(18,'f','2005-11-06',4,'2020-11-09 13:49:25','2021-07-09 12:12:32'),(19,'f','2017-07-27',5,'2019-08-04 21:13:56','2021-07-09 12:13:02'),(20,'f','2021-05-09',3,'2016-03-19 21:08:34','2021-07-09 12:13:02'),(21,'f','2005-06-22',5,'2013-02-06 02:11:16','2021-07-09 12:13:02'),(22,'m','2014-12-28',1,'2015-11-10 06:03:56','2021-07-09 12:13:02'),(23,'f','2012-07-01',3,'2011-10-05 15:42:12','2021-07-09 12:13:02'),(24,'f','1982-08-19',1,'2020-12-25 10:29:43','2021-07-09 12:13:02'),(25,'f','2019-08-23',2,'2018-12-19 12:49:06','2021-07-09 12:13:02'),(26,'m','2005-12-05',2,'2016-09-01 20:20:12','2021-07-09 12:13:02'),(27,'f','2001-09-03',4,'2016-04-24 06:36:38','2021-07-09 12:13:02'),(28,'f','2007-08-05',2,'2020-10-21 00:39:26','2021-07-09 12:13:02'),(29,'f','1979-06-26',2,'2018-02-13 22:43:01','2021-07-09 12:13:02'),(30,'f','1972-12-04',4,'2019-12-01 09:46:04','2021-07-09 12:13:02'),(31,'m','1998-12-08',3,'2017-09-13 16:52:44','2021-07-09 12:13:02'),(32,'m','2014-01-16',2,'2018-09-06 23:37:08','2021-07-09 12:13:02'),(33,'m','1973-10-11',5,'2015-01-03 21:09:07','2021-07-09 12:13:02'),(34,'f','1990-12-15',1,'2015-10-16 01:53:52','2021-07-09 12:13:02'),(35,'f','1996-03-15',3,'2015-10-17 15:58:38','2021-07-09 12:13:02'),(36,'m','1973-12-15',5,'2020-08-06 17:15:57','2021-07-09 12:13:02'),(37,'f','1973-09-10',2,'2020-12-22 18:32:39','2021-07-09 12:13:02'),(38,'m','1974-01-20',4,'2021-02-04 07:35:26','2021-07-09 12:13:02'),(39,'f','2006-05-11',3,'2020-10-22 23:57:51','2021-07-09 12:13:02'),(40,'m','2019-05-21',2,'2021-03-13 03:21:07','2021-07-09 12:13:02'),(41,'f','1995-05-24',5,'2021-05-17 15:56:24','2021-07-09 12:13:02'),(42,'m','2003-01-07',4,'2021-05-24 13:04:34','2021-07-09 12:13:02'),(43,'m','1990-07-21',4,'2018-09-23 02:43:00','2021-07-09 12:13:02'),(44,'f','1978-07-10',4,'2020-09-18 19:32:42','2021-07-09 12:13:02'),(45,'f','1970-05-01',1,'2013-02-24 08:21:55','2021-07-09 12:13:02'),(46,'f','2004-02-11',5,'2018-12-22 22:34:46','2021-07-09 12:13:02'),(47,'f','1981-06-27',4,'2018-02-23 05:55:15','2021-07-09 12:13:02'),(48,'m','2009-12-02',1,'2019-12-02 15:14:57','2021-07-09 12:13:02'),(49,'f','2014-01-26',1,'2015-10-19 13:40:44','2021-07-09 12:13:02'),(50,'f','1986-06-08',5,'2019-08-17 23:02:24','2021-07-09 12:13:02'),(51,'m','2000-05-06',5,'2013-12-08 22:13:12','2021-07-09 12:13:02'),(52,'m','1978-04-06',3,'2017-12-02 18:13:24','2021-07-09 12:13:02'),(53,'m','1975-05-30',3,'2014-04-15 19:36:59','2021-07-09 12:13:02'),(54,'f','1980-04-25',5,'2014-09-20 03:29:16','2021-07-09 12:13:02'),(55,'f','1977-04-13',1,'2018-12-21 17:21:26','2021-07-09 12:13:02'),(56,'m','1988-08-21',5,'2015-08-05 13:09:55','2021-07-09 12:13:02'),(57,'f','1993-06-02',5,'2018-05-06 05:28:45','2021-07-09 12:13:02'),(58,'m','2013-02-27',2,'2019-09-09 02:29:35','2021-07-09 12:13:02'),(59,'f','1971-04-06',3,'2013-11-22 19:49:21','2021-07-09 12:13:02'),(60,'f','2013-07-27',2,'2011-12-03 15:11:36','2021-07-09 12:13:02'),(61,'m','1975-02-17',1,'2019-12-23 23:19:37','2021-07-09 12:13:02'),(62,'m','1987-09-07',3,'2017-11-01 04:21:28','2021-07-09 12:13:02'),(63,'m','1998-04-13',2,'2017-10-29 21:25:59','2021-07-09 12:13:02'),(64,'f','2015-04-27',2,'2016-12-29 05:38:58','2021-07-09 12:13:02'),(65,'m','2013-12-28',4,'2019-07-07 05:09:07','2021-07-09 12:13:02'),(66,'m','1976-09-17',1,'2018-08-01 17:23:14','2021-07-09 12:13:02'),(67,'m','2015-09-11',5,'2011-09-08 13:19:20','2021-07-09 12:13:02'),(68,'f','1988-02-22',1,'2021-01-06 19:09:46','2021-07-09 12:13:02'),(69,'m','2001-07-04',4,'2018-02-11 23:56:54','2021-07-09 12:13:02'),(70,'f','2011-10-31',2,'2019-06-26 11:24:30','2021-07-09 12:13:02'),(71,'m','2021-06-30',3,'2011-07-20 02:48:10','2021-07-09 12:13:02'),(72,'m','2017-09-22',1,'2012-11-05 19:32:20','2021-07-09 12:13:02'),(73,'f','1990-05-20',3,'2021-04-27 06:22:12','2021-07-09 12:13:02'),(74,'m','2004-06-18',1,'2015-01-15 09:29:13','2021-07-09 12:13:02'),(75,'m','2014-02-04',5,'2017-05-15 17:51:20','2021-07-09 12:13:02'),(76,'f','1996-03-25',5,'2015-11-24 18:00:01','2021-07-09 12:13:02'),(77,'f','1993-04-25',5,'2016-02-10 19:48:13','2021-07-09 12:13:02'),(78,'m','1984-04-25',1,'2015-08-05 02:14:39','2021-07-09 12:13:02'),(79,'f','1992-09-07',4,'2012-05-12 00:01:36','2021-07-09 12:13:02'),(80,'f','2016-09-28',2,'2016-02-12 01:16:50','2021-07-09 12:13:02'),(81,'f','1986-03-18',4,'2012-02-27 11:50:50','2021-07-09 12:13:02'),(82,'m','1979-07-19',3,'2020-11-20 18:22:27','2021-07-09 12:13:02'),(83,'f','2011-03-22',5,'2013-03-28 12:26:23','2021-07-09 12:13:02'),(84,'m','1978-03-17',1,'2011-12-26 16:11:56','2021-07-09 12:13:02'),(85,'m','1996-11-09',1,'2015-08-29 07:18:52','2021-07-09 12:13:02'),(86,'f','1999-03-28',2,'2012-04-17 12:26:47','2021-07-09 12:13:02'),(87,'m','2018-05-06',1,'2018-11-20 12:20:16','2021-07-09 12:13:02'),(88,'m','1972-09-02',3,'2019-04-01 19:24:08','2021-07-09 12:13:02'),(89,'f','2012-04-10',4,'2019-09-12 06:47:00','2021-07-09 12:13:02'),(90,'m','1975-12-18',2,'2018-10-31 04:22:16','2021-07-09 12:13:02'),(91,'f','2010-07-05',3,'2020-04-12 14:54:51','2021-07-09 12:13:02'),(92,'m','1980-06-30',4,'2014-10-04 13:06:25','2021-07-09 12:13:02'),(93,'m','1989-03-27',2,'2015-07-18 09:16:30','2021-07-09 12:13:02'),(94,'f','1985-04-15',3,'2012-12-19 08:50:02','2021-07-09 12:13:02'),(95,'f','1990-08-23',1,'2018-03-19 09:54:37','2021-07-09 12:13:02'),(96,'f','1981-11-02',5,'2013-07-31 08:36:24','2021-07-09 12:13:02'),(97,'m','2019-06-04',3,'2013-06-09 14:52:08','2021-07-09 12:13:02'),(98,'m','2005-02-24',4,'2012-09-03 15:22:46','2021-07-09 12:13:02'),(99,'f','1992-11-24',2,'2017-09-19 09:49:14','2021-07-09 12:13:02'),(100,'f','1994-04-30',3,'2015-10-20 08:38:24','2021-07-09 12:13:02');
/*!40000 ALTER TABLE `profiles` ENABLE KEYS */;
UNLOCK TABLES;

--
-- Table structure for table `users`
--

DROP TABLE IF EXISTS `users`;
/*!40101 SET @saved_cs_client     = @@character_set_client */;
/*!50503 SET character_set_client = utf8mb4 */;
CREATE TABLE `users` (
  `id` int unsigned NOT NULL AUTO_INCREMENT COMMENT '╨Ш╨┤╨╡╨╜╤В╨╕╤Д╨╕╨║╨░╤В╨╛╤А ╤Б╤В╤А╨╛╨║╨╕',
  `first_name` varchar(100) CHARACTER SET utf8mb4 COLLATE utf8mb4_unicode_ci NOT NULL COMMENT '╨Ш╨╝╤П ╨┐╨╛╨╗╤М╨╖╨╛╨▓╨░╤В╨╡╨╗╤П',
  `last_name` varchar(100) CHARACTER SET utf8mb4 COLLATE utf8mb4_unicode_ci NOT NULL COMMENT '╨д╨░╨╝╨╕╨╗╨╕╤П ╨┐╨╛╨╗╤М╨╖╨╛╨▓╨░╤В╨╡╨╗╤П',
  `email` varchar(100) CHARACTER SET utf8mb4 COLLATE utf8mb4_unicode_ci NOT NULL COMMENT '╨Я╨╛╤З╤В╨░',
  `phone` varchar(100) CHARACTER SET utf8mb4 COLLATE utf8mb4_unicode_ci NOT NULL COMMENT '╨в╨╡╨╗╨╡╤Д╨╛╨╜',
  `created_at` datetime DEFAULT CURRENT_TIMESTAMP COMMENT '╨Т╤А╨╡╨╝╤П ╤Б╨╛╨╖╨┤╨░╨╜╨╕╤П ╤Б╤В╤А╨╛╨║╨╕',
  `updated_at` datetime DEFAULT CURRENT_TIMESTAMP ON UPDATE CURRENT_TIMESTAMP COMMENT '╨Т╤А╨╡╨╝╤П ╨╛╨▒╨╜╨╛╨▓╨╗╨╡╨╜╨╕╤П ╤Б╤В╤А╨╛╨║╨╕',
  PRIMARY KEY (`id`),
  UNIQUE KEY `email` (`email`),
  UNIQUE KEY `phone` (`phone`)
) ENGINE=InnoDB AUTO_INCREMENT=101 DEFAULT CHARSET=utf8mb4 COLLATE=utf8mb4_unicode_ci COMMENT='╨Я╨╛╨╗╤М╨╖╨╛╨▓╨░╤В╨╡╨╗╨╕';
/*!40101 SET character_set_client = @saved_cs_client */;

--
-- Dumping data for table `users`
--

LOCK TABLES `users` WRITE;
/*!40000 ALTER TABLE `users` DISABLE KEYS */;
INSERT INTO `users` VALUES (1,'Wellington','Kilback','leannon.gaylord@example.org','920.821.4396x43487','2019-10-06 09:05:14','2021-07-09 12:12:38'),(2,'Fletcher','Heidenreich','heller.tatum@example.org','421-325-7618x4459','2020-09-03 09:42:18','2021-07-09 12:12:38'),(3,'Vince','Klein','ghane@example.org','728-782-6388','2014-05-18 21:13:45','2017-02-03 05:26:33'),(4,'Tianna','Haag','ada76@example.net','+83(6)4361694455','2014-11-15 23:32:57','2019-09-23 17:36:29'),(5,'Jade','Torphy','fisher.dulce@example.org','804.253.0158x190','2019-11-24 15:12:08','2020-01-02 15:33:33'),(6,'Ted','Mills','doris.stokes@example.net','(012)431-1005x6877','2014-10-13 12:59:31','2018-04-05 09:56:51'),(7,'Brain','Beer','herzog.alana@example.net','(523)460-6893','2017-03-20 21:37:12','2017-05-27 16:04:31'),(8,'Blake','Shields','jakob.fritsch@example.net','+24(9)1059747759','2015-10-01 00:28:29','2020-05-12 20:18:54'),(9,'Alta','Mills','ahermann@example.org','273-791-3615x6589','2019-10-22 17:27:04','2020-05-19 05:40:18'),(10,'Alessandro','Green','miller.caleb@example.net','930-666-5681','2014-09-23 08:20:10','2021-02-21 07:27:19'),(11,'Elyse','Bergstrom','denesik.clovis@example.com','1-487-688-1605x0357','2012-11-26 17:18:30','2016-12-27 07:19:48'),(12,'Hester','Pagac','mitchell.zack@example.com','1-403-939-3126','2020-10-16 23:10:49','2021-07-09 12:12:38'),(13,'Ophelia','Boehm','frippin@example.org','806-044-0400','2013-06-07 23:56:35','2017-09-17 03:27:10'),(14,'Mazie','Auer','johnston.abigail@example.net','1-163-405-5790','2012-07-28 16:05:12','2014-12-03 16:18:13'),(15,'Jordi','Mayert','boyle.delpha@example.org','09478719527','2017-07-04 10:37:46','2021-04-28 04:01:34'),(16,'Irving','Beier','napoleon.windler@example.com','(989)310-5658','2015-05-22 05:57:37','2021-07-09 12:12:38'),(17,'Sheldon','Keebler','jana.metz@example.net','08825163948','2014-08-08 02:35:36','2018-01-30 02:19:55'),(18,'Kamron','Mueller','stephon.ledner@example.net','657.772.8390x517','2017-11-30 00:44:53','2021-07-09 12:12:38'),(19,'Lorenza','Botsford','jonas90@example.com','731-192-9936x0875','2016-05-14 20:01:10','2019-07-31 22:29:01'),(20,'Yoshiko','Smitham','ivah.rosenbaum@example.com','257-417-6880x6549','2011-07-21 15:54:39','2013-01-07 21:10:07'),(21,'Shea','Quigley','rae38@example.net','965-456-8581x52347','2014-01-08 06:12:12','2021-07-09 12:12:38'),(22,'Kim','Lockman','nathanial.kassulke@example.net','1-375-499-0459','2017-04-08 17:56:29','2021-07-09 12:12:38'),(23,'Deonte','Gutmann','dina11@example.com','814.764.1049','2017-08-17 18:04:28','2021-07-09 12:12:38'),(24,'Vilma','Ryan','douglas.judge@example.org','552.900.4905','2018-06-20 04:13:36','2020-05-23 11:06:19'),(25,'Rebeca','Schinner','geovanny.cormier@example.com','1-010-895-2724x98434','2019-07-28 12:07:05','2021-07-09 12:12:38'),(26,'Carmel','Volkman','irussel@example.org','312.396.1783x85814','2015-08-05 18:29:03','2019-05-23 01:21:26'),(27,'Isai','Dickens','mozelle.mclaughlin@example.com','621-726-0355x302','2019-09-04 01:14:59','2021-07-09 12:12:38'),(28,'Austen','Price','alfredo.pagac@example.net','263-328-4675x24523','2012-10-21 18:23:47','2013-03-03 17:13:31'),(29,'Garland','Keeling','fkiehn@example.com','(181)034-5725','2012-06-10 04:27:16','2015-05-07 01:04:55'),(30,'Jairo','Simonis','debert@example.com','(460)904-0143','2017-03-27 03:07:16','2020-10-09 16:17:31'),(31,'Verlie','Klocko','fbeer@example.org','474-081-4425x00657','2012-01-20 15:18:21','2018-06-16 00:35:54'),(32,'Cristopher','Nader','lavina41@example.com','429.851.5136x6148','2013-10-26 08:37:12','2014-12-22 07:13:15'),(33,'Myra','Koepp','dwindler@example.com','153-307-8003','2012-06-22 09:46:52','2021-04-14 11:50:43'),(34,'Watson','Mann','halie41@example.com','1-666-483-3811','2020-07-19 06:54:26','2021-07-09 12:12:38'),(35,'Kylee','Goldner','bo\'reilly@example.net','1-199-058-4451','2017-08-26 08:19:10','2021-07-09 12:12:38'),(36,'Sister','Bogisich','kdach@example.com','135.441.8883x85488','2012-06-11 03:57:44','2018-11-02 07:34:15'),(37,'Bernhard','Hills','leuschke.reymundo@example.net','(952)485-2564x778','2014-02-22 16:32:20','2016-01-03 18:54:15'),(38,'Green','Schulist','darrel.volkman@example.org','660-953-1141','2016-06-25 23:26:49','2021-07-09 12:12:38'),(39,'Allie','Bogan','moen.odessa@example.org','304.439.2686x4537','2012-06-15 16:04:35','2015-03-05 13:58:26'),(40,'Isobel','Christiansen','tyrese.wisoky@example.com','487.740.0128','2019-06-07 00:00:29','2021-07-09 12:12:38'),(41,'Kiarra','Kuphal','preichert@example.net','423-871-9515','2016-07-15 05:21:06','2021-07-09 12:12:38'),(42,'Alexys','Nolan','hudson.zoie@example.org','1-902-239-6960x2495','2015-01-20 06:35:42','2016-06-09 10:09:28'),(43,'Stevie','Morissette','nick.waelchi@example.com','(911)529-0283x754','2019-11-01 00:27:38','2021-07-09 12:12:38'),(44,'Rigoberto','Trantow','jimmie.botsford@example.com','04389632594','2011-12-29 06:11:53','2019-09-30 19:12:42'),(45,'Alexandra','Gutkowski','abagail35@example.net','575-883-4524x48184','2019-05-20 06:13:51','2021-07-09 12:12:38'),(46,'Alessandra','Schimmel','wuckert.ines@example.org','(956)792-9134x24635','2016-10-29 16:03:44','2021-07-09 12:12:38'),(47,'Dulce','Kerluke','qfeest@example.org','653.154.1908x29048','2015-04-05 06:08:07','2015-05-08 07:24:13'),(48,'Angelita','Cruickshank','strosin.rod@example.net','1-610-747-0571','2014-02-21 16:03:29','2021-07-09 12:12:38'),(49,'Rudolph','Dibbert','hagenes.wilber@example.net','1-192-166-9529x829','2014-01-24 04:08:38','2019-05-28 21:55:28'),(50,'Darby','Larkin','conor67@example.com','416.628.7406x92466','2018-06-06 12:11:12','2021-07-09 12:12:38'),(51,'Trevion','Feil','west.albin@example.org','536.476.7415','2015-05-01 10:14:40','2021-07-09 12:12:38'),(52,'Wilhelm','Metz','reynolds.rod@example.com','145-105-5895','2017-05-09 04:17:54','2021-07-09 12:12:38'),(53,'Vivianne','Swaniawski','mwilkinson@example.net','074-285-3625','2012-09-15 13:38:05','2016-06-18 06:23:10'),(54,'Jennie','Kovacek','major.pfeffer@example.org','(983)515-6604x255','2020-08-22 09:07:41','2021-07-09 12:12:38'),(55,'Emanuel','Swift','fgutmann@example.org','(964)797-6848x545','2011-08-18 19:08:48','2017-01-26 11:08:33'),(56,'General','Wilderman','harvey.madie@example.org','+56(2)8713653069','2017-01-05 04:39:12','2019-08-05 05:11:20'),(57,'Gladyce','Bartoletti','hgoyette@example.net','01400741053','2013-11-08 18:16:52','2021-07-09 12:12:38'),(58,'Morton','Smith','considine.vivian@example.org','1-024-856-4353x89458','2020-07-10 17:05:46','2021-07-09 12:12:38'),(59,'Darby','Kulas','hilll.savanah@example.net','(003)050-8101x545','2019-07-20 08:53:18','2021-07-09 12:12:38'),(60,'Noemi','Marks','bergstrom.martina@example.net','461.965.9650x7453','2015-02-15 06:26:38','2015-04-16 22:47:23'),(61,'Juana','Emmerich','gorczany.ike@example.net','889.636.0738','2013-05-02 19:26:28','2020-06-19 12:10:04'),(62,'Jennie','Dooley','irma.stanton@example.net','951-186-8643','2019-09-17 03:28:30','2021-07-09 12:12:38'),(63,'Casimir','Heaney','merlin.sauer@example.net','189-315-5074','2019-01-16 01:06:08','2021-07-09 12:12:38'),(64,'Harry','Nitzsche','samara26@example.org','(807)552-5786x521','2021-03-24 01:48:16','2021-07-09 12:12:38'),(65,'Jake','Wolff','daugherty.yasmine@example.net','1-114-658-6778x7888','2014-09-10 21:57:40','2016-10-19 22:49:04'),(66,'Elliot','Waelchi','paucek.forrest@example.com','519.715.6382','2016-11-24 09:13:28','2021-07-09 12:12:38'),(67,'Mitchell','Jenkins','emmanuel34@example.net','1-289-458-1425x0052','2018-01-11 11:12:50','2021-07-09 12:12:38'),(68,'Percival','Vandervort','coy.runte@example.com','567.296.9208','2017-02-28 17:10:28','2020-07-24 08:04:01'),(69,'Forrest','Ziemann','kirk.grimes@example.com','876-250-5566','2014-07-14 21:54:39','2021-07-09 12:12:38'),(70,'Kyla','Ankunding','parmstrong@example.net','+07(7)0881198940','2015-06-14 19:26:51','2021-07-09 12:12:38'),(71,'Hassie','Rodriguez','quigley.cody@example.net','(656)424-2815x0845','2018-12-03 19:58:10','2019-10-06 15:14:06'),(72,'Brannon','Leffler','heaven52@example.com','448.302.0648x40489','2017-06-24 11:44:55','2021-01-30 00:35:51'),(73,'Amira','Spinka','white.maryam@example.net','1-039-135-8011x418','2015-10-20 17:27:01','2016-01-06 20:23:16'),(74,'Billy','Hahn','jermaine66@example.com','900-316-1519x751','2020-07-12 11:33:59','2021-07-09 12:12:38'),(75,'Breanna','Schuppe','rmohr@example.org','+89(4)0898339333','2017-08-15 09:36:16','2021-07-09 12:12:38'),(76,'Trycia','Reinger','brady.kemmer@example.net','(710)926-6370','2020-03-20 19:49:10','2021-07-09 12:12:38'),(77,'Everardo','Olson','jess20@example.org','718.509.0828','2013-02-22 06:57:59','2015-02-10 03:00:19'),(78,'Art','Hodkiewicz','thompson.bertha@example.org','(153)408-4568x15077','2018-11-07 22:46:25','2021-07-09 12:12:38'),(79,'Marlen','Kovacek','ublock@example.com','779.777.7224x130','2021-02-27 15:14:37','2021-07-09 12:12:38'),(80,'Catalina','Langworth','janie.jacobson@example.net','(811)113-0339x902','2015-06-12 23:11:31','2021-07-09 12:12:38'),(81,'Maverick','Metz','bednar.george@example.org','005.133.5635x7716','2015-11-27 19:28:43','2018-12-03 03:23:00'),(82,'Chadd','Deckow','lucio.smith@example.org','09291681297','2017-03-04 10:00:07','2021-07-09 12:12:38'),(83,'Mazie','Gislason','simone.lynch@example.com','682.075.1808','2017-10-17 08:46:28','2021-07-09 12:12:38'),(84,'Etha','Hermann','coralie.purdy@example.org','261.590.8325x451','2016-04-07 01:48:15','2021-07-09 12:12:38'),(85,'Kraig','Huel','ruecker.lori@example.com','+89(6)2837904559','2019-01-19 11:09:55','2019-05-10 10:55:16'),(86,'Casper','DuBuque','dolly.reichel@example.org','033.877.9532x51068','2018-08-12 19:06:55','2021-07-09 12:12:38'),(87,'Leann','Pfeffer','xrath@example.org','430.790.6465','2013-11-28 19:13:28','2016-06-15 17:18:47'),(88,'Roel','Waters','lynch.kylee@example.com','524-317-2448x050','2019-03-02 07:54:52','2021-07-09 12:12:38'),(89,'Stuart','Bins','qdooley@example.com','894.536.4500x0001','2016-03-19 07:41:27','2021-07-09 12:12:38'),(90,'Cassandre','Baumbach','von.susan@example.org','929.069.1231x5128','2020-03-24 15:26:47','2021-07-09 12:12:38'),(91,'Laurianne','Farrell','zoie32@example.com','919-249-2862x84630','2014-02-01 08:30:30','2016-05-19 03:53:53'),(92,'Brant','Pagac','lauren98@example.org','934.235.1309','2013-07-08 10:48:32','2021-07-09 12:12:38'),(93,'Alberta','Eichmann','bradley.gutkowski@example.net','09835071502','2018-09-24 08:33:34','2021-03-20 15:58:06'),(94,'Harmony','Padberg','kleffler@example.net','886.220.7514','2018-08-11 09:49:04','2021-07-09 12:12:38'),(95,'Brendan','Kiehn','vratke@example.net','367-631-9996','2019-05-05 17:04:21','2021-07-09 12:12:38'),(96,'Jacques','Olson','dortha03@example.com','00999114009','2012-12-09 15:27:26','2012-12-31 17:51:38'),(97,'Krystel','Frami','jmoore@example.com','961.489.4303','2015-05-05 15:27:16','2017-08-07 00:44:26'),(98,'Karine','Kunde','kaci77@example.net','1-751-823-2316x0302','2019-07-02 03:52:46','2021-07-09 12:12:38'),(99,'Alta','Lind','xwiza@example.net','(420)075-5668x474','2019-04-18 13:42:05','2021-07-09 12:12:38'),(100,'Joany','Green','vito.jaskolski@example.org','1-985-764-8667x20319','2012-08-23 20:32:03','2017-01-12 03:11:45');
/*!40000 ALTER TABLE `users` ENABLE KEYS */;
UNLOCK TABLES;
/*!40103 SET TIME_ZONE=@OLD_TIME_ZONE */;

/*!40101 SET SQL_MODE=@OLD_SQL_MODE */;
/*!40014 SET FOREIGN_KEY_CHECKS=@OLD_FOREIGN_KEY_CHECKS */;
/*!40014 SET UNIQUE_CHECKS=@OLD_UNIQUE_CHECKS */;
/*!40101 SET CHARACTER_SET_CLIENT=@OLD_CHARACTER_SET_CLIENT */;
/*!40101 SET CHARACTER_SET_RESULTS=@OLD_CHARACTER_SET_RESULTS */;
/*!40101 SET COLLATION_CONNECTION=@OLD_COLLATION_CONNECTION */;
/*!40111 SET SQL_NOTES=@OLD_SQL_NOTES */;

-- Dump completed on 2021-07-09 12:23:21
